domain,subdomain,track_name,skills,description,pathway_json,source,model_used
Technology,Frontend Engineering,Frontend Developer,"HTML, CSS, JavaScript, React, Accessibility, Testing",Builds responsive user interfaces and client-side application experiences.,"[{""phaseName"":""Phase 1: HTML Foundations"",""items"":[{""title"":""[Free YouTube] Learn HTML fundamentals for Frontend Developer"",""resourceUrl"":""https://www.youtube.com/results?search_query=HTML%20tutorial%20for%20beginners"",""estHours"":6,""cost"":""free""},{""title"":""[Free Roadmap] Review the Frontend Developer skill map"",""resourceUrl"":""https://roadmap.sh/"",""estHours"":3,""cost"":""free""},{""title"":""[Paid Udemy] Take a structured HTML course"",""resourceUrl"":""https://www.udemy.com/courses/search/?q=HTML"",""estHours"":8,""cost"":""paid""}]},{""phaseName"":""Phase 2: CSS Core Tools"",""items"":[{""title"":""[Free YouTube] Practice CSS with guided tutorials"",""resourceUrl"":""https://www.youtube.com/results?search_query=CSS%20tutorial"",""estHours"":6,""cost"":""free""},{""title"":""[Free Docs] Read official CSS references and examples"",""resourceUrl"":""https://www.google.com/search?q=CSS%20official%20documentation"",""estHours"":4,""cost"":""free""},{""title"":""[Paid Coursera] Study CSS with graded exercises"",""resourceUrl"":""https://www.coursera.org/search?query=CSS"",""estHours"":8,""cost"":""paid""}]},{""phaseName"":""Phase 3: JavaScript Applied Project"",""items"":[{""title"":""[Free YouTube] Build a Frontend Developer project using JavaScript"",""resourceUrl"":""https://www.youtube.com/results?search_query=JavaScript%20project%20tutorial"",""estHours"":8,""cost"":""free""},{""title"":""[Free GitHub] Publish notes, screenshots, and source files"",""resourceUrl"":""https://github.com/"",""estHours"":4,""cost"":""free""},{""title"":""[Paid Udemy] Complete a portfolio project for Frontend Developer"",""resourceUrl"":""https://www.udemy.com/courses/search/?q=Frontend%20Developer%20project"",""estHours"":10,""cost"":""paid""}]},{""phaseName"":""Phase 4: Portfolio and Interview Prep"",""items"":[{""title"":""[Free YouTube] Practice Frontend Developer interview questions"",""resourceUrl"":""https://www.youtube.com/results?search_query=Frontend%20Developer%20interview%20questions"",""estHours"":5,""cost"":""free""},{""title"":""[Free Docs] Create a case study and resume proof points"",""resourceUrl"":""https://www.freecodecamp.org/news/tag/career/"",""estHours"":4,""cost"":""free""},{""title"":""[Paid Udemy] Prepare for Frontend Developer interviews"",""resourceUrl"":""https://www.udemy.com/courses/search/?q=Frontend%20Developer%20interview"",""estHours"":6,""cost"":""paid""}]}]",seed-materials,
Technology,Backend Engineering,Backend Developer,"Node.js, Python, APIs, SQL, Authentication, System Design","Builds server-side APIs, data services, and business logic for applications.","[{""phaseName"":""Phase 1: Node.js Foundations"",""items"":[{""title"":""[Free YouTube] Learn Node.js fundamentals for Backend Developer"",""resourceUrl"":""https://www.youtube.com/results?search_query=Node.js%20tutorial%20for%20beginners"",""estHours"":6,""cost"":""free""},{""title"":""[Free Roadmap] Review the Backend Developer skill map"",""resourceUrl"":""https://roadmap.sh/"",""estHours"":3,""cost"":""free""},{""title"":""[Paid Udemy] Take a structured Node.js course"",""resourceUrl"":""https://www.udemy.com/courses/search/?q=Node.js"",""estHours"":8,""cost"":""paid""}]},{""phaseName"":""Phase 2: Python Core Tools"",""items"":[{""title"":""[Free YouTube] Practice Python with guided tutorials"",""resourceUrl"":""https://www.youtube.com/results?search_query=Python%20tutorial"",""estHours"":6,""cost"":""free""},{""title"":""[Free Docs] Read official Python references and examples"",""resourceUrl"":""https://www.google.com/search?q=Python%20official%20documentation"",""estHours"":4,""cost"":""free""},{""title"":""[Paid Coursera] Study Python with graded exercises"",""resourceUrl"":""https://www.coursera.org/search?query=Python"",""estHours"":8,""cost"":""paid""}]},{""phaseName"":""Phase 3: APIs Applied Project"",""items"":[{""title"":""[Free YouTube] Build a Backend Developer project using APIs"",""resourceUrl"":""https://www.youtube.com/results?search_query=APIs%20project%20tutorial"",""estHours"":8,""cost"":""free""},{""title"":""[Free GitHub] Publish notes, screenshots, and source files"",""resourceUrl"":""https://github.com/"",""estHours"":4,""cost"":""free""},{""title"":""[Paid Udemy] Complete a portfolio project for Backend Developer"",""resourceUrl"":""https://www.udemy.com/courses/search/?q=Backend%20Developer%20project"",""estHours"":10,""cost"":""paid""}]},{""phaseName"":""Phase 4: Portfolio and Interview Prep"",""items"":[{""title"":""[Free YouTube] Practice Backend Developer interview questions"",""resourceUrl"":""https://www.youtube.com/results?search_query=Backend%20Developer%20interview%20questions"",""estHours"":5,""cost"":""free""},{""title"":""[Free Docs] Create a case study and resume proof points"",""resourceUrl"":""https://www.freecodecamp.org/news/tag/career/"",""estHours"":4,""cost"":""free""},{""title"":""[Paid Udemy] Prepare for Backend Developer interviews"",""resourceUrl"":""https://www.udemy.com/courses/search/?q=Backend%20Developer%20interview"",""estHours"":6,""cost"":""paid""}]}]",seed-materials,
Technology,Full Stack Engineering,Full Stack Developer,"React, Node.js, SQL, REST APIs, Git, Deployment","Builds end-to-end web applications across frontend, backend, and databases.","[{""phaseName"":""Phase 1: React Foundations"",""items"":[{""title"":""[Free YouTube] Learn React fundamentals for Full Stack Developer"",""resourceUrl"":""https://www.youtube.com/results?search_query=React%20tutorial%20for%20beginners"",""estHours"":6,""cost"":""free""},{""title"":""[Free Roadmap] Review the Full Stack Developer skill map"",""resourceUrl"":""https://roadmap.sh/"",""estHours"":3,""cost"":""free""},{""title"":""[Paid Udemy] Take a structured React course"",""resourceUrl"":""https://www.udemy.com/courses/search/?q=React"",""estHours"":8,""cost"":""paid""}]},{""phaseName"":""Phase 2: Node.js Core Tools"",""items"":[{""title"":""[Free YouTube] Practice Node.js with guided tutorials"",""resourceUrl"":""https://www.youtube.com/results?search_query=Node.js%20tutorial"",""estHours"":6,""cost"":""free""},{""title"":""[Free Docs] Read official Node.js references and examples"",""resourceUrl"":""https://www.google.com/search?q=Node.js%20official%20documentation"",""estHours"":4,""cost"":""free""},{""title"":""[Paid Coursera] Study Node.js with graded exercises"",""resourceUrl"":""https://www.coursera.org/search?query=Node.js"",""estHours"":8,""cost"":""paid""}]},{""phaseName"":""Phase 3: SQL Applied Project"",""items"":[{""title"":""[Free YouTube] Build a Full Stack Developer project using SQL"",""resourceUrl"":""https://www.youtube.com/results?search_query=SQL%20project%20tutorial"",""estHours"":8,""cost"":""free""},{""title"":""[Free GitHub] Publish notes, screenshots, and source files"",""resourceUrl"":""https://github.com/"",""estHours"":4,""cost"":""free""},{""title"":""[Paid Udemy] Complete a portfolio project for Full Stack Developer"",""resourceUrl"":""https://www.udemy.com/courses/search/?q=Full%20Stack%20Developer%20project"",""estHours"":10,""cost"":""paid""}]},{""phaseName"":""Phase 4: Portfolio and Interview Prep"",""items"":[{""title"":""[Free YouTube] Practice Full Stack Developer interview questions"",""resourceUrl"":""https://www.youtube.com/results?search_query=Full%20Stack%20Developer%20interview%20questions"",""estHours"":5,""cost"":""free""},{""title"":""[Free Docs] Create a case study and resume proof points"",""resourceUrl"":""https://www.freecodecamp.org/news/tag/career/"",""estHours"":4,""cost"":""free""},{""title"":""[Paid Udemy] Prepare for Full Stack Developer interviews"",""resourceUrl"":""https://www.udemy.com/courses/search/?q=Full%20Stack%20Developer%20interview"",""estHours"":6,""cost"":""paid""}]}]",seed-materials,
Technology,Mobile Development,Mobile App Developer,"React Native, Flutter, Kotlin, Swift, APIs, App Store Release",Creates mobile applications for Android and iOS platforms.,"[{""phaseName"":""Phase 1: React Native Foundations"",""items"":[{""title"":""[Free YouTube] Learn React Native fundamentals for Mobile App Developer"",""resourceUrl"":""https://www.youtube.com/results?search_query=React%20Native%20tutorial%20for%20beginners"",""estHours"":6,""cost"":""free""},{""title"":""[Free Roadmap] Review the Mobile App Developer skill map"",""resourceUrl"":""https://roadmap.sh/"",""estHours"":3,""cost"":""free""},{""title"":""[Paid Udemy] Take a structured React Native course"",""resourceUrl"":""https://www.udemy.com/courses/search/?q=React%20Native"",""estHours"":8,""cost"":""paid""}]},{""phaseName"":""Phase 2: Flutter Core Tools"",""items"":[{""title"":""[Free YouTube] Practice Flutter with guided tutorials"",""resourceUrl"":""https://www.youtube.com/results?search_query=Flutter%20tutorial"",""estHours"":6,""cost"":""free""},{""title"":""[Free Docs] Read official Flutter references and examples"",""resourceUrl"":""https://www.google.com/search?q=Flutter%20official%20documentation"",""estHours"":4,""cost"":""free""},{""title"":""[Paid Coursera] Study Flutter with graded exercises"",""resourceUrl"":""https://www.coursera.org/search?query=Flutter"",""estHours"":8,""cost"":""paid""}]},{""phaseName"":""Phase 3: Kotlin Applied Project"",""items"":[{""title"":""[Free YouTube] Build a Mobile App Developer project using Kotlin"",""resourceUrl"":""https://www.youtube.com/results?search_query=Kotlin%20project%20tutorial"",""estHours"":8,""cost"":""free""},{""title"":""[Free GitHub] Publish notes, screenshots, and source files"",""resourceUrl"":""https://github.com/"",""estHours"":4,""cost"":""free""},{""title"":""[Paid Udemy] Complete a portfolio project for Mobile App Developer"",""resourceUrl"":""https://www.udemy.com/courses/search/?q=Mobile%20App%20Developer%20project"",""estHours"":10,""cost"":""paid""}]},{""phaseName"":""Phase 4: Portfolio and Interview Prep"",""items"":[{""title"":""[Free YouTube] Practice Mobile App Developer interview questions"",""resourceUrl"":""https://www.youtube.com/results?search_query=Mobile%20App%20Developer%20interview%20questions"",""estHours"":5,""cost"":""free""},{""title"":""[Free Docs] Create a case study and resume proof points"",""resourceUrl"":""https://www.freecodecamp.org/news/tag/career/"",""estHours"":4,""cost"":""free""},{""title"":""[Paid Udemy] Prepare for Mobile App Developer interviews"",""resourceUrl"":""https://www.udemy.com/courses/search/?q=Mobile%20App%20Developer%20interview"",""estHours"":6,""cost"":""paid""}]}]",seed-materials,
Technology,Data Engineering,Data Engineer,"Python, SQL, ETL, Spark, Airflow, Data Warehousing",Builds data pipelines and reliable analytical data platforms.,"[{""phaseName"":""Phase 1: Python Foundations"",""items"":[{""title"":""[Free YouTube] Learn Python fundamentals for Data Engineer"",""resourceUrl"":""https://www.youtube.com/results?search_query=Python%20tutorial%20for%20beginners"",""estHours"":6,""cost"":""free""},{""title"":""[Free Roadmap] Review the Data Engineer skill map"",""resourceUrl"":""https://roadmap.sh/"",""estHours"":3,""cost"":""free""},{""title"":""[Paid Udemy] Take a structured Python course"",""resourceUrl"":""https://www.udemy.com/courses/search/?q=Python"",""estHours"":8,""cost"":""paid""}]},{""phaseName"":""Phase 2: SQL Core Tools"",""items"":[{""title"":""[Free YouTube] Practice SQL with guided tutorials"",""resourceUrl"":""https://www.youtube.com/results?search_query=SQL%20tutorial"",""estHours"":6,""cost"":""free""},{""title"":""[Free Docs] Read official SQL references and examples"",""resourceUrl"":""https://www.google.com/search?q=SQL%20official%20documentation"",""estHours"":4,""cost"":""free""},{""title"":""[Paid Coursera] Study SQL with graded exercises"",""resourceUrl"":""https://www.coursera.org/search?query=SQL"",""estHours"":8,""cost"":""paid""}]},{""phaseName"":""Phase 3: ETL Applied Project"",""items"":[{""title"":""[Free YouTube] Build a Data Engineer project using ETL"",""resourceUrl"":""https://www.youtube.com/results?search_query=ETL%20project%20tutorial"",""estHours"":8,""cost"":""free""},{""title"":""[Free GitHub] Publish notes, screenshots, and source files"",""resourceUrl"":""https://github.com/"",""estHours"":4,""cost"":""free""},{""title"":""[Paid Udemy] Complete a portfolio project for Data Engineer"",""resourceUrl"":""https://www.udemy.com/courses/search/?q=Data%20Engineer%20project"",""estHours"":10,""cost"":""paid""}]},{""phaseName"":""Phase 4: Portfolio and Interview Prep"",""items"":[{""title"":""[Free YouTube] Practice Data Engineer interview questions"",""resourceUrl"":""https://www.youtube.com/results?search_query=Data%20Engineer%20interview%20questions"",""estHours"":5,""cost"":""free""},{""title"":""[Free Docs] Create a case study and resume proof points"",""resourceUrl"":""https://www.freecodecamp.org/news/tag/career/"",""estHours"":4,""cost"":""free""},{""title"":""[Paid Udemy] Prepare for Data Engineer interviews"",""resourceUrl"":""https://www.udemy.com/courses/search/?q=Data%20Engineer%20interview"",""estHours"":6,""cost"":""paid""}]}]",seed-materials,
Technology,Data Science,Data Scientist,"Python, Statistics, Machine Learning, Pandas, Experimentation, Visualization",Uses statistical and machine learning methods to model data and support decisions.,"[{""phaseName"":""Phase 1: Python Foundations"",""items"":[{""title"":""[Free YouTube] Learn Python fundamentals for Data Scientist"",""resourceUrl"":""https://www.youtube.com/results?search_query=Python%20tutorial%20for%20beginners"",""estHours"":6,""cost"":""free""},{""title"":""[Free Roadmap] Review the Data Scientist skill map"",""resourceUrl"":""https://roadmap.sh/"",""estHours"":3,""cost"":""free""},{""title"":""[Paid Udemy] Take a structured Python course"",""resourceUrl"":""https://www.udemy.com/courses/search/?q=Python"",""estHours"":8,""cost"":""paid""}]},{""phaseName"":""Phase 2: Statistics Core Tools"",""items"":[{""title"":""[Free YouTube] Practice Statistics with guided tutorials"",""resourceUrl"":""https://www.youtube.com/results?search_query=Statistics%20tutorial"",""estHours"":6,""cost"":""free""},{""title"":""[Free Docs] Read official Statistics references and examples"",""resourceUrl"":""https://www.google.com/search?q=Statistics%20official%20documentation"",""estHours"":4,""cost"":""free""},{""title"":""[Paid Coursera] Study Statistics with graded exercises"",""resourceUrl"":""https://www.coursera.org/search?query=Statistics"",""estHours"":8,""cost"":""paid""}]},{""phaseName"":""Phase 3: Machine Learning Applied Project"",""items"":[{""title"":""[Free YouTube] Build a Data Scientist project using Machine Learning"",""resourceUrl"":""https://www.youtube.com/results?search_query=Machine%20Learning%20project%20tutorial"",""estHours"":8,""cost"":""free""},{""title"":""[Free GitHub] Publish notes, screenshots, and source files"",""resourceUrl"":""https://github.com/"",""estHours"":4,""cost"":""free""},{""title"":""[Paid Udemy] Complete a portfolio project for Data Scientist"",""resourceUrl"":""https://www.udemy.com/courses/search/?q=Data%20Scientist%20project"",""estHours"":10,""cost"":""paid""}]},{""phaseName"":""Phase 4: Portfolio and Interview Prep"",""items"":[{""title"":""[Free YouTube] Practice Data Scientist interview questions"",""resourceUrl"":""https://www.youtube.com/results?search_query=Data%20Scientist%20interview%20questions"",""estHours"":5,""cost"":""free""},{""title"":""[Free Docs] Create a case study and resume proof points"",""resourceUrl"":""https://www.freecodecamp.org/news/tag/career/"",""estHours"":4,""cost"":""free""},{""title"":""[Paid Udemy] Prepare for Data Scientist interviews"",""resourceUrl"":""https://www.udemy.com/courses/search/?q=Data%20Scientist%20interview"",""estHours"":6,""cost"":""paid""}]}]",seed-materials,
Technology,Machine Learning Engineering,Machine Learning Engineer,"Python, ML, MLOps, Feature Engineering, Model Deployment, Cloud","Builds, deploys, and monitors machine learning systems in production.","[{""phaseName"":""Phase 1: Python Foundations"",""items"":[{""title"":""[Free YouTube] Learn Python fundamentals for Machine Learning Engineer"",""resourceUrl"":""https://www.youtube.com/results?search_query=Python%20tutorial%20for%20beginners"",""estHours"":6,""cost"":""free""},{""title"":""[Free Roadmap] Review the Machine Learning Engineer skill map"",""resourceUrl"":""https://roadmap.sh/"",""estHours"":3,""cost"":""free""},{""title"":""[Paid Udemy] Take a structured Python course"",""resourceUrl"":""https://www.udemy.com/courses/search/?q=Python"",""estHours"":8,""cost"":""paid""}]},{""phaseName"":""Phase 2: ML Core Tools"",""items"":[{""title"":""[Free YouTube] Practice ML with guided tutorials"",""resourceUrl"":""https://www.youtube.com/results?search_query=ML%20tutorial"",""estHours"":6,""cost"":""free""},{""title"":""[Free Docs] Read official ML references and examples"",""resourceUrl"":""https://www.google.com/search?q=ML%20official%20documentation"",""estHours"":4,""cost"":""free""},{""title"":""[Paid Coursera] Study ML with graded exercises"",""resourceUrl"":""https://www.coursera.org/search?query=ML"",""estHours"":8,""cost"":""paid""}]},{""phaseName"":""Phase 3: MLOps Applied Project"",""items"":[{""title"":""[Free YouTube] Build a Machine Learning Engineer project using MLOps"",""resourceUrl"":""https://www.youtube.com/results?search_query=MLOps%20project%20tutorial"",""estHours"":8,""cost"":""free""},{""title"":""[Free GitHub] Publish notes, screenshots, and source files"",""resourceUrl"":""https://github.com/"",""estHours"":4,""cost"":""free""},{""title"":""[Paid Udemy] Complete a portfolio project for Machine Learning Engineer"",""resourceUrl"":""https://www.udemy.com/courses/search/?q=Machine%20Learning%20Engineer%20project"",""estHours"":10,""cost"":""paid""}]},{""phaseName"":""Phase 4: Portfolio and Interview Prep"",""items"":[{""title"":""[Free YouTube] Practice Machine Learning Engineer interview questions"",""resourceUrl"":""https://www.youtube.com/results?search_query=Machine%20Learning%20Engineer%20interview%20questions"",""estHours"":5,""cost"":""free""},{""title"":""[Free Docs] Create a case study and resume proof points"",""resourceUrl"":""https://www.freecodecamp.org/news/tag/career/"",""estHours"":4,""cost"":""free""},{""title"":""[Paid Udemy] Prepare for Machine Learning Engineer interviews"",""resourceUrl"":""https://www.udemy.com/courses/search/?q=Machine%20Learning%20Engineer%20interview"",""estHours"":6,""cost"":""paid""}]}]",seed-materials,
Technology,AI Product Engineering,AI Engineer,"Python, LLMs, Prompt Engineering, RAG, APIs, Evaluation","Builds AI-powered products using LLMs, retrieval systems, and model evaluation.","[{""phaseName"":""Phase 1: Python Foundations"",""items"":[{""title"":""[Free YouTube] Learn Python fundamentals for AI Engineer"",""resourceUrl"":""https://www.youtube.com/results?search_query=Python%20tutorial%20for%20beginners"",""estHours"":6,""cost"":""free""},{""title"":""[Free Roadmap] Review the AI Engineer skill map"",""resourceUrl"":""https://roadmap.sh/"",""estHours"":3,""cost"":""free""},{""title"":""[Paid Udemy] Take a structured Python course"",""resourceUrl"":""https://www.udemy.com/courses/search/?q=Python"",""estHours"":8,""cost"":""paid""}]},{""phaseName"":""Phase 2: LLMs Core Tools"",""items"":[{""title"":""[Free YouTube] Practice LLMs with guided tutorials"",""resourceUrl"":""https://www.youtube.com/results?search_query=LLMs%20tutorial"",""estHours"":6,""cost"":""free""},{""title"":""[Free Docs] Read official LLMs references and examples"",""resourceUrl"":""https://www.google.com/search?q=LLMs%20official%20documentation"",""estHours"":4,""cost"":""free""},{""title"":""[Paid Coursera] Study LLMs with graded exercises"",""resourceUrl"":""https://www.coursera.org/search?query=LLMs"",""estHours"":8,""cost"":""paid""}]},{""phaseName"":""Phase 3: Prompt Engineering Applied Project"",""items"":[{""title"":""[Free YouTube] Build a AI Engineer project using Prompt Engineering"",""resourceUrl"":""https://www.youtube.com/results?search_query=Prompt%20Engineering%20project%20tutorial"",""estHours"":8,""cost"":""free""},{""title"":""[Free GitHub] Publish notes, screenshots, and source files"",""resourceUrl"":""https://github.com/"",""estHours"":4,""cost"":""free""},{""title"":""[Paid Udemy] Complete a portfolio project for AI Engineer"",""resourceUrl"":""https://www.udemy.com/courses/search/?q=AI%20Engineer%20project"",""estHours"":10,""cost"":""paid""}]},{""phaseName"":""Phase 4: Portfolio and Interview Prep"",""items"":[{""title"":""[Free YouTube] Practice AI Engineer interview questions"",""resourceUrl"":""https://www.youtube.com/results?search_query=AI%20Engineer%20interview%20questions"",""estHours"":5,""cost"":""free""},{""title"":""[Free Docs] Create a case study and resume proof points"",""resourceUrl"":""https://www.freecodecamp.org/news/tag/career/"",""estHours"":4,""cost"":""free""},{""title"":""[Paid Udemy] Prepare for AI Engineer interviews"",""resourceUrl"":""https://www.udemy.com/courses/search/?q=AI%20Engineer%20interview"",""estHours"":6,""cost"":""paid""}]}]",seed-materials,
Business,Cybersecurity,Security Analyst,"Networking, SIEM, Threat Detection, Incident Response, Linux, Risk","Monitors, investigates, and reduces information security threats.","[{""phaseName"":""Phase 1: Networking Foundations"",""items"":[{""title"":""[Free YouTube] Learn Networking fundamentals for Security Analyst"",""resourceUrl"":""https://www.youtube.com/results?search_query=Networking%20tutorial%20for%20beginners"",""estHours"":6,""cost"":""free""},{""title"":""[Free Roadmap] Review the Security Analyst skill map"",""resourceUrl"":""https://roadmap.sh/"",""estHours"":3,""cost"":""free""},{""title"":""[Paid Udemy] Take a structured Networking course"",""resourceUrl"":""https://www.udemy.com/courses/search/?q=Networking"",""estHours"":8,""cost"":""paid""}]},{""phaseName"":""Phase 2: SIEM Core Tools"",""items"":[{""title"":""[Free YouTube] Practice SIEM with guided tutorials"",""resourceUrl"":""https://www.youtube.com/results?search_query=SIEM%20tutorial"",""estHours"":6,""cost"":""free""},{""title"":""[Free Docs] Read official SIEM references and examples"",""resourceUrl"":""https://www.google.com/search?q=SIEM%20official%20documentation"",""estHours"":4,""cost"":""free""},{""title"":""[Paid Coursera] Study SIEM with graded exercises"",""resourceUrl"":""https://www.coursera.org/search?query=SIEM"",""estHours"":8,""cost"":""paid""}]},{""phaseName"":""Phase 3: Threat Detection Applied Project"",""items"":[{""title"":""[Free YouTube] Build a Security Analyst project using Threat Detection"",""resourceUrl"":""https://www.youtube.com/results?search_query=Threat%20Detection%20project%20tutorial"",""estHours"":8,""cost"":""free""},{""title"":""[Free GitHub] Publish notes, screenshots, and source files"",""resourceUrl"":""https://github.com/"",""estHours"":4,""cost"":""free""},{""title"":""[Paid Udemy] Complete a portfolio project for Security Analyst"",""resourceUrl"":""https://www.udemy.com/courses/search/?q=Security%20Analyst%20project"",""estHours"":10,""cost"":""paid""}]},{""phaseName"":""Phase 4: Portfolio and Interview Prep"",""items"":[{""title"":""[Free YouTube] Practice Security Analyst interview questions"",""resourceUrl"":""https://www.youtube.com/results?search_query=Security%20Analyst%20interview%20questions"",""estHours"":5,""cost"":""free""},{""title"":""[Free Docs] Create a case study and resume proof points"",""resourceUrl"":""https://www.freecodecamp.org/news/tag/career/"",""estHours"":4,""cost"":""free""},{""title"":""[Paid Udemy] Prepare for Security Analyst interviews"",""resourceUrl"":""https://www.udemy.com/courses/search/?q=Security%20Analyst%20interview"",""estHours"":6,""cost"":""paid""}]}]",seed-materials,
Technology,Cloud Infrastructure,Cloud Engineer,"AWS, Azure, GCP, Linux, Networking, Terraform, Monitoring",Designs and operates scalable cloud infrastructure.,"[{""phaseName"":""Phase 1: AWS Foundations"",""items"":[{""title"":""[Free YouTube] Learn AWS fundamentals for Cloud Engineer"",""resourceUrl"":""https://www.youtube.com/results?search_query=AWS%20tutorial%20for%20beginners"",""estHours"":6,""cost"":""free""},{""title"":""[Free Roadmap] Review the Cloud Engineer skill map"",""resourceUrl"":""https://roadmap.sh/"",""estHours"":3,""cost"":""free""},{""title"":""[Paid Udemy] Take a structured AWS course"",""resourceUrl"":""https://www.udemy.com/courses/search/?q=AWS"",""estHours"":8,""cost"":""paid""}]},{""phaseName"":""Phase 2: Azure Core Tools"",""items"":[{""title"":""[Free YouTube] Practice Azure with guided tutorials"",""resourceUrl"":""https://www.youtube.com/results?search_query=Azure%20tutorial"",""estHours"":6,""cost"":""free""},{""title"":""[Free Docs] Read official Azure references and examples"",""resourceUrl"":""https://www.google.com/search?q=Azure%20official%20documentation"",""estHours"":4,""cost"":""free""},{""title"":""[Paid Coursera] Study Azure with graded exercises"",""resourceUrl"":""https://www.coursera.org/search?query=Azure"",""estHours"":8,""cost"":""paid""}]},{""phaseName"":""Phase 3: GCP Applied Project"",""items"":[{""title"":""[Free YouTube] Build a Cloud Engineer project using GCP"",""resourceUrl"":""https://www.youtube.com/results?search_query=GCP%20project%20tutorial"",""estHours"":8,""cost"":""free""},{""title"":""[Free GitHub] Publish notes, screenshots, and source files"",""resourceUrl"":""https://github.com/"",""estHours"":4,""cost"":""free""},{""title"":""[Paid Udemy] Complete a portfolio project for Cloud Engineer"",""resourceUrl"":""https://www.udemy.com/courses/search/?q=Cloud%20Engineer%20project"",""estHours"":10,""cost"":""paid""}]},{""phaseName"":""Phase 4: Portfolio and Interview Prep"",""items"":[{""title"":""[Free YouTube] Practice Cloud Engineer interview questions"",""resourceUrl"":""https://www.youtube.com/results?search_query=Cloud%20Engineer%20interview%20questions"",""estHours"":5,""cost"":""free""},{""title"":""[Free Docs] Create a case study and resume proof points"",""resourceUrl"":""https://www.freecodecamp.org/news/tag/career/"",""estHours"":4,""cost"":""free""},{""title"":""[Paid Udemy] Prepare for Cloud Engineer interviews"",""resourceUrl"":""https://www.udemy.com/courses/search/?q=Cloud%20Engineer%20interview"",""estHours"":6,""cost"":""paid""}]}]",seed-materials,
Technology,DevOps and Platform,DevOps Engineer,"CI/CD, Docker, Kubernetes, Linux, Terraform, Observability","Automates build, release, and infrastructure operations.","[{""phaseName"":""Phase 1: Linux and Networking Foundations"",""items"":[{""title"":""[Free YouTube] Learn Linux command line fundamentals"",""resourceUrl"":""https://www.youtube.com/results?search_query=linux+command+line+full+course"",""estHours"":8,""cost"":""free""},{""title"":""[Free Docs] Practice shell navigation, permissions, processes, and logs"",""resourceUrl"":""https://linuxjourney.com/"",""estHours"":6,""cost"":""free""},{""title"":""[Paid Udemy] Take a structured Linux administration course"",""resourceUrl"":""https://www.udemy.com/courses/search/?q=linux%20administration"",""estHours"":10,""cost"":""paid""}]},{""phaseName"":""Phase 2: Git, CI/CD, and Docker"",""items"":[{""title"":""[Free YouTube] Learn GitHub Actions CI/CD by building a pipeline"",""resourceUrl"":""https://www.youtube.com/results?search_query=github+actions+cicd+full+course"",""estHours"":6,""cost"":""free""},{""title"":""[Free Docs] Learn Docker images, containers, volumes, and compose"",""resourceUrl"":""https://docs.docker.com/get-started/"",""estHours"":8,""cost"":""free""},{""title"":""[Paid Udemy] Complete a Docker and CI/CD course"",""resourceUrl"":""https://www.udemy.com/courses/search/?q=docker%20cicd"",""estHours"":10,""cost"":""paid""}]},{""phaseName"":""Phase 3: Kubernetes, Terraform, and Cloud"",""items"":[{""title"":""[Free YouTube] Learn Kubernetes fundamentals"",""resourceUrl"":""https://www.youtube.com/results?search_query=kubernetes+full+course"",""estHours"":10,""cost"":""free""},{""title"":""[Free Docs] Build infrastructure with Terraform tutorials"",""resourceUrl"":""https://developer.hashicorp.com/terraform/tutorials"",""estHours"":8,""cost"":""free""},{""title"":""[Paid Udemy] Follow a DevOps AWS/Kubernetes course"",""resourceUrl"":""https://www.udemy.com/courses/search/?q=devops%20aws%20kubernetes"",""estHours"":12,""cost"":""paid""}]},{""phaseName"":""Phase 4: Monitoring and Portfolio Deployment"",""items"":[{""title"":""[Free Docs] Add service monitoring and alerts"",""resourceUrl"":""https://prometheus.io/docs/introduction/overview/"",""estHours"":5,""cost"":""free""},{""title"":""[Free GitHub] Publish a complete CI/CD deployment project"",""resourceUrl"":""https://github.com/"",""estHours"":8,""cost"":""free""},{""title"":""[Paid Coursera] Study cloud DevOps practices"",""resourceUrl"":""https://www.coursera.org/search?query=devops"",""estHours"":10,""cost"":""paid""}]}]",seed-materials,
Technology,Quality Engineering,QA Automation Engineer,"Testing, Selenium, Playwright, API Testing, JavaScript, CI/CD",Builds automated testing systems and validates software quality.,"[{""phaseName"":""Phase 1: Testing Foundations"",""items"":[{""title"":""[Free YouTube] Learn Testing fundamentals for QA Automation Engineer"",""resourceUrl"":""https://www.youtube.com/results?search_query=Testing%20tutorial%20for%20beginners"",""estHours"":6,""cost"":""free""},{""title"":""[Free Roadmap] Review the QA Automation Engineer skill map"",""resourceUrl"":""https://roadmap.sh/"",""estHours"":3,""cost"":""free""},{""title"":""[Paid Udemy] Take a structured Testing course"",""resourceUrl"":""https://www.udemy.com/courses/search/?q=Testing"",""estHours"":8,""cost"":""paid""}]},{""phaseName"":""Phase 2: Selenium Core Tools"",""items"":[{""title"":""[Free YouTube] Practice Selenium with guided tutorials"",""resourceUrl"":""https://www.youtube.com/results?search_query=Selenium%20tutorial"",""estHours"":6,""cost"":""free""},{""title"":""[Free Docs] Read official Selenium references and examples"",""resourceUrl"":""https://www.google.com/search?q=Selenium%20official%20documentation"",""estHours"":4,""cost"":""free""},{""title"":""[Paid Coursera] Study Selenium with graded exercises"",""resourceUrl"":""https://www.coursera.org/search?query=Selenium"",""estHours"":8,""cost"":""paid""}]},{""phaseName"":""Phase 3: Playwright Applied Project"",""items"":[{""title"":""[Free YouTube] Build a QA Automation Engineer project using Playwright"",""resourceUrl"":""https://www.youtube.com/results?search_query=Playwright%20project%20tutorial"",""estHours"":8,""cost"":""free""},{""title"":""[Free GitHub] Publish notes, screenshots, and source files"",""resourceUrl"":""https://github.com/"",""estHours"":4,""cost"":""free""},{""title"":""[Paid Udemy] Complete a portfolio project for QA Automation Engineer"",""resourceUrl"":""https://www.udemy.com/courses/search/?q=QA%20Automation%20Engineer%20project"",""estHours"":10,""cost"":""paid""}]},{""phaseName"":""Phase 4: Portfolio and Interview Prep"",""items"":[{""title"":""[Free YouTube] Practice QA Automation Engineer interview questions"",""resourceUrl"":""https://www.youtube.com/results?search_query=QA%20Automation%20Engineer%20interview%20questions"",""estHours"":5,""cost"":""free""},{""title"":""[Free Docs] Create a case study and resume proof points"",""resourceUrl"":""https://www.freecodecamp.org/news/tag/career/"",""estHours"":4,""cost"":""free""},{""title"":""[Paid Udemy] Prepare for QA Automation Engineer interviews"",""resourceUrl"":""https://www.udemy.com/courses/search/?q=QA%20Automation%20Engineer%20interview"",""estHours"":6,""cost"":""paid""}]}]",seed-materials,
Technology,Database Administration,Database Administrator,"SQL, PostgreSQL, MySQL, Backup, Performance Tuning, Security",Maintains secure and performant database systems.,"[{""phaseName"":""Phase 1: SQL Foundations"",""items"":[{""title"":""[Free YouTube] Learn SQL fundamentals for Database Administrator"",""resourceUrl"":""https://www.youtube.com/results?search_query=SQL%20tutorial%20for%20beginners"",""estHours"":6,""cost"":""free""},{""title"":""[Free Roadmap] Review the Database Administrator skill map"",""resourceUrl"":""https://roadmap.sh/"",""estHours"":3,""cost"":""free""},{""title"":""[Paid Udemy] Take a structured SQL course"",""resourceUrl"":""https://www.udemy.com/courses/search/?q=SQL"",""estHours"":8,""cost"":""paid""}]},{""phaseName"":""Phase 2: PostgreSQL Core Tools"",""items"":[{""title"":""[Free YouTube] Practice PostgreSQL with guided tutorials"",""resourceUrl"":""https://www.youtube.com/results?search_query=PostgreSQL%20tutorial"",""estHours"":6,""cost"":""free""},{""title"":""[Free Docs] Read official PostgreSQL references and examples"",""resourceUrl"":""https://www.google.com/search?q=PostgreSQL%20official%20documentation"",""estHours"":4,""cost"":""free""},{""title"":""[Paid Coursera] Study PostgreSQL with graded exercises"",""resourceUrl"":""https://www.coursera.org/search?query=PostgreSQL"",""estHours"":8,""cost"":""paid""}]},{""phaseName"":""Phase 3: MySQL Applied Project"",""items"":[{""title"":""[Free YouTube] Build a Database Administrator project using MySQL"",""resourceUrl"":""https://www.youtube.com/results?search_query=MySQL%20project%20tutorial"",""estHours"":8,""cost"":""free""},{""title"":""[Free GitHub] Publish notes, screenshots, and source files"",""resourceUrl"":""https://github.com/"",""estHours"":4,""cost"":""free""},{""title"":""[Paid Udemy] Complete a portfolio project for Database Administrator"",""resourceUrl"":""https://www.udemy.com/courses/search/?q=Database%20Administrator%20project"",""estHours"":10,""cost"":""paid""}]},{""phaseName"":""Phase 4: Portfolio and Interview Prep"",""items"":[{""title"":""[Free YouTube] Practice Database Administrator interview questions"",""resourceUrl"":""https://www.youtube.com/results?search_query=Database%20Administrator%20interview%20questions"",""estHours"":5,""cost"":""free""},{""title"":""[Free Docs] Create a case study and resume proof points"",""resourceUrl"":""https://www.freecodecamp.org/news/tag/career/"",""estHours"":4,""cost"":""free""},{""title"":""[Paid Udemy] Prepare for Database Administrator interviews"",""resourceUrl"":""https://www.udemy.com/courses/search/?q=Database%20Administrator%20interview"",""estHours"":6,""cost"":""paid""}]}]",seed-materials,
Technology,Blockchain,Blockchain Developer,"Solidity, Smart Contracts, Web3, Cryptography, Security, JavaScript",Builds decentralized applications and smart contract systems.,"[{""phaseName"":""Phase 1: Solidity Foundations"",""items"":[{""title"":""[Free YouTube] Learn Solidity fundamentals for Blockchain Developer"",""resourceUrl"":""https://www.youtube.com/results?search_query=Solidity%20tutorial%20for%20beginners"",""estHours"":6,""cost"":""free""},{""title"":""[Free Roadmap] Review the Blockchain Developer skill map"",""resourceUrl"":""https://roadmap.sh/"",""estHours"":3,""cost"":""free""},{""title"":""[Paid Udemy] Take a structured Solidity course"",""resourceUrl"":""https://www.udemy.com/courses/search/?q=Solidity"",""estHours"":8,""cost"":""paid""}]},{""phaseName"":""Phase 2: Smart Contracts Core Tools"",""items"":[{""title"":""[Free YouTube] Practice Smart Contracts with guided tutorials"",""resourceUrl"":""https://www.youtube.com/results?search_query=Smart%20Contracts%20tutorial"",""estHours"":6,""cost"":""free""},{""title"":""[Free Docs] Read official Smart Contracts references and examples"",""resourceUrl"":""https://www.google.com/search?q=Smart%20Contracts%20official%20documentation"",""estHours"":4,""cost"":""free""},{""title"":""[Paid Coursera] Study Smart Contracts with graded exercises"",""resourceUrl"":""https://www.coursera.org/search?query=Smart%20Contracts"",""estHours"":8,""cost"":""paid""}]},{""phaseName"":""Phase 3: Web3 Applied Project"",""items"":[{""title"":""[Free YouTube] Build a Blockchain Developer project using Web3"",""resourceUrl"":""https://www.youtube.com/results?search_query=Web3%20project%20tutorial"",""estHours"":8,""cost"":""free""},{""title"":""[Free GitHub] Publish notes, screenshots, and source files"",""resourceUrl"":""https://github.com/"",""estHours"":4,""cost"":""free""},{""title"":""[Paid Udemy] Complete a portfolio project for Blockchain Developer"",""resourceUrl"":""https://www.udemy.com/courses/search/?q=Blockchain%20Developer%20project"",""estHours"":10,""cost"":""paid""}]},{""phaseName"":""Phase 4: Portfolio and Interview Prep"",""items"":[{""title"":""[Free YouTube] Practice Blockchain Developer interview questions"",""resourceUrl"":""https://www.youtube.com/results?search_query=Blockchain%20Developer%20interview%20questions"",""estHours"":5,""cost"":""free""},{""title"":""[Free Docs] Create a case study and resume proof points"",""resourceUrl"":""https://www.freecodecamp.org/news/tag/career/"",""estHours"":4,""cost"":""free""},{""title"":""[Paid Udemy] Prepare for Blockchain Developer interviews"",""resourceUrl"":""https://www.udemy.com/courses/search/?q=Blockchain%20Developer%20interview"",""estHours"":6,""cost"":""paid""}]}]",seed-materials,
Design,Product Design,Product Designer,"Figma, UX Research, Visual Design, Prototyping, Design Systems, Accessibility",Designs digital products that balance user needs and business goals.,"[{""phaseName"":""Phase 1: Figma Foundations"",""items"":[{""title"":""[Free YouTube] Learn Figma fundamentals for Product Designer"",""resourceUrl"":""https://www.youtube.com/results?search_query=Figma%20tutorial%20for%20beginners"",""estHours"":6,""cost"":""free""},{""title"":""[Free Roadmap] Review the Product Designer skill map"",""resourceUrl"":""https://roadmap.sh/"",""estHours"":3,""cost"":""free""},{""title"":""[Paid Udemy] Take a structured Figma course"",""resourceUrl"":""https://www.udemy.com/courses/search/?q=Figma"",""estHours"":8,""cost"":""paid""}]},{""phaseName"":""Phase 2: UX Research Core Tools"",""items"":[{""title"":""[Free YouTube] Practice UX Research with guided tutorials"",""resourceUrl"":""https://www.youtube.com/results?search_query=UX%20Research%20tutorial"",""estHours"":6,""cost"":""free""},{""title"":""[Free Docs] Read official UX Research references and examples"",""resourceUrl"":""https://www.google.com/search?q=UX%20Research%20official%20documentation"",""estHours"":4,""cost"":""free""},{""title"":""[Paid Coursera] Study UX Research with graded exercises"",""resourceUrl"":""https://www.coursera.org/search?query=UX%20Research"",""estHours"":8,""cost"":""paid""}]},{""phaseName"":""Phase 3: Visual Design Applied Project"",""items"":[{""title"":""[Free YouTube] Build a Product Designer project using Visual Design"",""resourceUrl"":""https://www.youtube.com/results?search_query=Visual%20Design%20project%20tutorial"",""estHours"":8,""cost"":""free""},{""title"":""[Free GitHub] Publish notes, screenshots, and source files"",""resourceUrl"":""https://github.com/"",""estHours"":4,""cost"":""free""},{""title"":""[Paid Udemy] Complete a portfolio project for Product Designer"",""resourceUrl"":""https://www.udemy.com/courses/search/?q=Product%20Designer%20project"",""estHours"":10,""cost"":""paid""}]},{""phaseName"":""Phase 4: Portfolio and Interview Prep"",""items"":[{""title"":""[Free YouTube] Practice Product Designer interview questions"",""resourceUrl"":""https://www.youtube.com/results?search_query=Product%20Designer%20interview%20questions"",""estHours"":5,""cost"":""free""},{""title"":""[Free Docs] Create a case study and resume proof points"",""resourceUrl"":""https://www.freecodecamp.org/news/tag/career/"",""estHours"":4,""cost"":""free""},{""title"":""[Paid Udemy] Prepare for Product Designer interviews"",""resourceUrl"":""https://www.udemy.com/courses/search/?q=Product%20Designer%20interview"",""estHours"":6,""cost"":""paid""}]}]",seed-materials,
Design,UX Research,UX Researcher,"User Interviews, Surveys, Usability Testing, Personas, Synthesis, Reporting",Studies users and turns insights into product direction.,"[{""phaseName"":""Phase 1: User Interviews Foundations"",""items"":[{""title"":""[Free YouTube] Learn User Interviews fundamentals for UX Researcher"",""resourceUrl"":""https://www.youtube.com/results?search_query=User%20Interviews%20tutorial%20for%20beginners"",""estHours"":6,""cost"":""free""},{""title"":""[Free Roadmap] Review the UX Researcher skill map"",""resourceUrl"":""https://roadmap.sh/"",""estHours"":3,""cost"":""free""},{""title"":""[Paid Udemy] Take a structured User Interviews course"",""resourceUrl"":""https://www.udemy.com/courses/search/?q=User%20Interviews"",""estHours"":8,""cost"":""paid""}]},{""phaseName"":""Phase 2: Surveys Core Tools"",""items"":[{""title"":""[Free YouTube] Practice Surveys with guided tutorials"",""resourceUrl"":""https://www.youtube.com/results?search_query=Surveys%20tutorial"",""estHours"":6,""cost"":""free""},{""title"":""[Free Docs] Read official Surveys references and examples"",""resourceUrl"":""https://www.google.com/search?q=Surveys%20official%20documentation"",""estHours"":4,""cost"":""free""},{""title"":""[Paid Coursera] Study Surveys with graded exercises"",""resourceUrl"":""https://www.coursera.org/search?query=Surveys"",""estHours"":8,""cost"":""paid""}]},{""phaseName"":""Phase 3: Usability Testing Applied Project"",""items"":[{""title"":""[Free YouTube] Build a UX Researcher project using Usability Testing"",""resourceUrl"":""https://www.youtube.com/results?search_query=Usability%20Testing%20project%20tutorial"",""estHours"":8,""cost"":""free""},{""title"":""[Free GitHub] Publish notes, screenshots, and source files"",""resourceUrl"":""https://github.com/"",""estHours"":4,""cost"":""free""},{""title"":""[Paid Udemy] Complete a portfolio project for UX Researcher"",""resourceUrl"":""https://www.udemy.com/courses/search/?q=UX%20Researcher%20project"",""estHours"":10,""cost"":""paid""}]},{""phaseName"":""Phase 4: Portfolio and Interview Prep"",""items"":[{""title"":""[Free YouTube] Practice UX Researcher interview questions"",""resourceUrl"":""https://www.youtube.com/results?search_query=UX%20Researcher%20interview%20questions"",""estHours"":5,""cost"":""free""},{""title"":""[Free Docs] Create a case study and resume proof points"",""resourceUrl"":""https://www.freecodecamp.org/news/tag/career/"",""estHours"":4,""cost"":""free""},{""title"":""[Paid Udemy] Prepare for UX Researcher interviews"",""resourceUrl"":""https://www.udemy.com/courses/search/?q=UX%20Researcher%20interview"",""estHours"":6,""cost"":""paid""}]}]",seed-materials,
Design,UI Design,UI Designer,"Visual Design, Typography, Layout, Color, Figma, Responsive Design",Creates polished digital interface layouts and component systems.,"[{""phaseName"":""Phase 1: Visual Design Foundations"",""items"":[{""title"":""[Free YouTube] Learn Visual Design fundamentals for UI Designer"",""resourceUrl"":""https://www.youtube.com/results?search_query=Visual%20Design%20tutorial%20for%20beginners"",""estHours"":6,""cost"":""free""},{""title"":""[Free Roadmap] Review the UI Designer skill map"",""resourceUrl"":""https://roadmap.sh/"",""estHours"":3,""cost"":""free""},{""title"":""[Paid Udemy] Take a structured Visual Design course"",""resourceUrl"":""https://www.udemy.com/courses/search/?q=Visual%20Design"",""estHours"":8,""cost"":""paid""}]},{""phaseName"":""Phase 2: Typography Core Tools"",""items"":[{""title"":""[Free YouTube] Practice Typography with guided tutorials"",""resourceUrl"":""https://www.youtube.com/results?search_query=Typography%20tutorial"",""estHours"":6,""cost"":""free""},{""title"":""[Free Docs] Read official Typography references and examples"",""resourceUrl"":""https://www.google.com/search?q=Typography%20official%20documentation"",""estHours"":4,""cost"":""free""},{""title"":""[Paid Coursera] Study Typography with graded exercises"",""resourceUrl"":""https://www.coursera.org/search?query=Typography"",""estHours"":8,""cost"":""paid""}]},{""phaseName"":""Phase 3: Layout Applied Project"",""items"":[{""title"":""[Free YouTube] Build a UI Designer project using Layout"",""resourceUrl"":""https://www.youtube.com/results?search_query=Layout%20project%20tutorial"",""estHours"":8,""cost"":""free""},{""title"":""[Free GitHub] Publish notes, screenshots, and source files"",""resourceUrl"":""https://github.com/"",""estHours"":4,""cost"":""free""},{""title"":""[Paid Udemy] Complete a portfolio project for UI Designer"",""resourceUrl"":""https://www.udemy.com/courses/search/?q=UI%20Designer%20project"",""estHours"":10,""cost"":""paid""}]},{""phaseName"":""Phase 4: Portfolio and Interview Prep"",""items"":[{""title"":""[Free YouTube] Practice UI Designer interview questions"",""resourceUrl"":""https://www.youtube.com/results?search_query=UI%20Designer%20interview%20questions"",""estHours"":5,""cost"":""free""},{""title"":""[Free Docs] Create a case study and resume proof points"",""resourceUrl"":""https://www.freecodecamp.org/news/tag/career/"",""estHours"":4,""cost"":""free""},{""title"":""[Paid Udemy] Prepare for UI Designer interviews"",""resourceUrl"":""https://www.udemy.com/courses/search/?q=UI%20Designer%20interview"",""estHours"":6,""cost"":""paid""}]}]",seed-materials,
Business,Product Management,Product Manager,"Strategy, Roadmapping, User Research, Analytics, Prioritization, Communication",Defines product direction and coordinates teams to ship valuable outcomes.,"[{""phaseName"":""Phase 1: Strategy Foundations"",""items"":[{""title"":""[Free YouTube] Learn Strategy fundamentals for Product Manager"",""resourceUrl"":""https://www.youtube.com/results?search_query=Strategy%20tutorial%20for%20beginners"",""estHours"":6,""cost"":""free""},{""title"":""[Free Roadmap] Review the Product Manager skill map"",""resourceUrl"":""https://roadmap.sh/"",""estHours"":3,""cost"":""free""},{""title"":""[Paid Udemy] Take a structured Strategy course"",""resourceUrl"":""https://www.udemy.com/courses/search/?q=Strategy"",""estHours"":8,""cost"":""paid""}]},{""phaseName"":""Phase 2: Roadmapping Core Tools"",""items"":[{""title"":""[Free YouTube] Practice Roadmapping with guided tutorials"",""resourceUrl"":""https://www.youtube.com/results?search_query=Roadmapping%20tutorial"",""estHours"":6,""cost"":""free""},{""title"":""[Free Docs] Read official Roadmapping references and examples"",""resourceUrl"":""https://www.google.com/search?q=Roadmapping%20official%20documentation"",""estHours"":4,""cost"":""free""},{""title"":""[Paid Coursera] Study Roadmapping with graded exercises"",""resourceUrl"":""https://www.coursera.org/search?query=Roadmapping"",""estHours"":8,""cost"":""paid""}]},{""phaseName"":""Phase 3: User Research Applied Project"",""items"":[{""title"":""[Free YouTube] Build a Product Manager project using User Research"",""resourceUrl"":""https://www.youtube.com/results?search_query=User%20Research%20project%20tutorial"",""estHours"":8,""cost"":""free""},{""title"":""[Free GitHub] Publish notes, screenshots, and source files"",""resourceUrl"":""https://github.com/"",""estHours"":4,""cost"":""free""},{""title"":""[Paid Udemy] Complete a portfolio project for Product Manager"",""resourceUrl"":""https://www.udemy.com/courses/search/?q=Product%20Manager%20project"",""estHours"":10,""cost"":""paid""}]},{""phaseName"":""Phase 4: Portfolio and Interview Prep"",""items"":[{""title"":""[Free YouTube] Practice Product Manager interview questions"",""resourceUrl"":""https://www.youtube.com/results?search_query=Product%20Manager%20interview%20questions"",""estHours"":5,""cost"":""free""},{""title"":""[Free Docs] Create a case study and resume proof points"",""resourceUrl"":""https://www.freecodecamp.org/news/tag/career/"",""estHours"":4,""cost"":""free""},{""title"":""[Paid Udemy] Prepare for Product Manager interviews"",""resourceUrl"":""https://www.udemy.com/courses/search/?q=Product%20Manager%20interview"",""estHours"":6,""cost"":""paid""}]}]",seed-materials,
Business,Project Management,Project Manager,"Planning, Agile, Risk Management, Stakeholder Communication, Jira, Reporting","Plans and coordinates projects across scope, schedule, and resources.","[{""phaseName"":""Phase 1: Planning Foundations"",""items"":[{""title"":""[Free YouTube] Learn Planning fundamentals for Project Manager"",""resourceUrl"":""https://www.youtube.com/results?search_query=Planning%20tutorial%20for%20beginners"",""estHours"":6,""cost"":""free""},{""title"":""[Free Roadmap] Review the Project Manager skill map"",""resourceUrl"":""https://roadmap.sh/"",""estHours"":3,""cost"":""free""},{""title"":""[Paid Udemy] Take a structured Planning course"",""resourceUrl"":""https://www.udemy.com/courses/search/?q=Planning"",""estHours"":8,""cost"":""paid""}]},{""phaseName"":""Phase 2: Agile Core Tools"",""items"":[{""title"":""[Free YouTube] Practice Agile with guided tutorials"",""resourceUrl"":""https://www.youtube.com/results?search_query=Agile%20tutorial"",""estHours"":6,""cost"":""free""},{""title"":""[Free Docs] Read official Agile references and examples"",""resourceUrl"":""https://www.google.com/search?q=Agile%20official%20documentation"",""estHours"":4,""cost"":""free""},{""title"":""[Paid Coursera] Study Agile with graded exercises"",""resourceUrl"":""https://www.coursera.org/search?query=Agile"",""estHours"":8,""cost"":""paid""}]},{""phaseName"":""Phase 3: Risk Management Applied Project"",""items"":[{""title"":""[Free YouTube] Build a Project Manager project using Risk Management"",""resourceUrl"":""https://www.youtube.com/results?search_query=Risk%20Management%20project%20tutorial"",""estHours"":8,""cost"":""free""},{""title"":""[Free GitHub] Publish notes, screenshots, and source files"",""resourceUrl"":""https://github.com/"",""estHours"":4,""cost"":""free""},{""title"":""[Paid Udemy] Complete a portfolio project for Project Manager"",""resourceUrl"":""https://www.udemy.com/courses/search/?q=Project%20Manager%20project"",""estHours"":10,""cost"":""paid""}]},{""phaseName"":""Phase 4: Portfolio and Interview Prep"",""items"":[{""title"":""[Free YouTube] Practice Project Manager interview questions"",""resourceUrl"":""https://www.youtube.com/results?search_query=Project%20Manager%20interview%20questions"",""estHours"":5,""cost"":""free""},{""title"":""[Free Docs] Create a case study and resume proof points"",""resourceUrl"":""https://www.freecodecamp.org/news/tag/career/"",""estHours"":4,""cost"":""free""},{""title"":""[Paid Udemy] Prepare for Project Manager interviews"",""resourceUrl"":""https://www.udemy.com/courses/search/?q=Project%20Manager%20interview"",""estHours"":6,""cost"":""paid""}]}]",seed-materials,
Business,Business Analysis,Business Analyst,"Requirements, Process Mapping, SQL, Excel, Stakeholder Interviews, Documentation",Translates business needs into clear requirements and operational improvements.,"[{""phaseName"":""Phase 1: Requirements Foundations"",""items"":[{""title"":""[Free YouTube] Learn Requirements fundamentals for Business Analyst"",""resourceUrl"":""https://www.youtube.com/results?search_query=Requirements%20tutorial%20for%20beginners"",""estHours"":6,""cost"":""free""},{""title"":""[Free Roadmap] Review the Business Analyst skill map"",""resourceUrl"":""https://roadmap.sh/"",""estHours"":3,""cost"":""free""},{""title"":""[Paid Udemy] Take a structured Requirements course"",""resourceUrl"":""https://www.udemy.com/courses/search/?q=Requirements"",""estHours"":8,""cost"":""paid""}]},{""phaseName"":""Phase 2: Process Mapping Core Tools"",""items"":[{""title"":""[Free YouTube] Practice Process Mapping with guided tutorials"",""resourceUrl"":""https://www.youtube.com/results?search_query=Process%20Mapping%20tutorial"",""estHours"":6,""cost"":""free""},{""title"":""[Free Docs] Read official Process Mapping references and examples"",""resourceUrl"":""https://www.google.com/search?q=Process%20Mapping%20official%20documentation"",""estHours"":4,""cost"":""free""},{""title"":""[Paid Coursera] Study Process Mapping with graded exercises"",""resourceUrl"":""https://www.coursera.org/search?query=Process%20Mapping"",""estHours"":8,""cost"":""paid""}]},{""phaseName"":""Phase 3: SQL Applied Project"",""items"":[{""title"":""[Free YouTube] Build a Business Analyst project using SQL"",""resourceUrl"":""https://www.youtube.com/results?search_query=SQL%20project%20tutorial"",""estHours"":8,""cost"":""free""},{""title"":""[Free GitHub] Publish notes, screenshots, and source files"",""resourceUrl"":""https://github.com/"",""estHours"":4,""cost"":""free""},{""title"":""[Paid Udemy] Complete a portfolio project for Business Analyst"",""resourceUrl"":""https://www.udemy.com/courses/search/?q=Business%20Analyst%20project"",""estHours"":10,""cost"":""paid""}]},{""phaseName"":""Phase 4: Portfolio and Interview Prep"",""items"":[{""title"":""[Free YouTube] Practice Business Analyst interview questions"",""resourceUrl"":""https://www.youtube.com/results?search_query=Business%20Analyst%20interview%20questions"",""estHours"":5,""cost"":""free""},{""title"":""[Free Docs] Create a case study and resume proof points"",""resourceUrl"":""https://www.freecodecamp.org/news/tag/career/"",""estHours"":4,""cost"":""free""},{""title"":""[Paid Udemy] Prepare for Business Analyst interviews"",""resourceUrl"":""https://www.udemy.com/courses/search/?q=Business%20Analyst%20interview"",""estHours"":6,""cost"":""paid""}]}]",seed-materials,
Business,Operations,Operations Analyst,"Excel, SQL, Process Improvement, Dashboards, Forecasting, Documentation",Improves business processes using analysis and operational discipline.,"[{""phaseName"":""Phase 1: Excel Foundations"",""items"":[{""title"":""[Free YouTube] Learn Excel fundamentals for Operations Analyst"",""resourceUrl"":""https://www.youtube.com/results?search_query=Excel%20tutorial%20for%20beginners"",""estHours"":6,""cost"":""free""},{""title"":""[Free Roadmap] Review the Operations Analyst skill map"",""resourceUrl"":""https://roadmap.sh/"",""estHours"":3,""cost"":""free""},{""title"":""[Paid Udemy] Take a structured Excel course"",""resourceUrl"":""https://www.udemy.com/courses/search/?q=Excel"",""estHours"":8,""cost"":""paid""}]},{""phaseName"":""Phase 2: SQL Core Tools"",""items"":[{""title"":""[Free YouTube] Practice SQL with guided tutorials"",""resourceUrl"":""https://www.youtube.com/results?search_query=SQL%20tutorial"",""estHours"":6,""cost"":""free""},{""title"":""[Free Docs] Read official SQL references and examples"",""resourceUrl"":""https://www.google.com/search?q=SQL%20official%20documentation"",""estHours"":4,""cost"":""free""},{""title"":""[Paid Coursera] Study SQL with graded exercises"",""resourceUrl"":""https://www.coursera.org/search?query=SQL"",""estHours"":8,""cost"":""paid""}]},{""phaseName"":""Phase 3: Process Improvement Applied Project"",""items"":[{""title"":""[Free YouTube] Build a Operations Analyst project using Process Improvement"",""resourceUrl"":""https://www.youtube.com/results?search_query=Process%20Improvement%20project%20tutorial"",""estHours"":8,""cost"":""free""},{""title"":""[Free GitHub] Publish notes, screenshots, and source files"",""resourceUrl"":""https://github.com/"",""estHours"":4,""cost"":""free""},{""title"":""[Paid Udemy] Complete a portfolio project for Operations Analyst"",""resourceUrl"":""https://www.udemy.com/courses/search/?q=Operations%20Analyst%20project"",""estHours"":10,""cost"":""paid""}]},{""phaseName"":""Phase 4: Portfolio and Interview Prep"",""items"":[{""title"":""[Free YouTube] Practice Operations Analyst interview questions"",""resourceUrl"":""https://www.youtube.com/results?search_query=Operations%20Analyst%20interview%20questions"",""estHours"":5,""cost"":""free""},{""title"":""[Free Docs] Create a case study and resume proof points"",""resourceUrl"":""https://www.freecodecamp.org/news/tag/career/"",""estHours"":4,""cost"":""free""},{""title"":""[Paid Udemy] Prepare for Operations Analyst interviews"",""resourceUrl"":""https://www.udemy.com/courses/search/?q=Operations%20Analyst%20interview"",""estHours"":6,""cost"":""paid""}]}]",seed-materials,
General,Human Resources,HR Specialist,"Recruiting, Employee Relations, HRIS, Communication, Labor Policy, Onboarding","Supports hiring, people operations, and employee lifecycle processes.","[{""phaseName"":""Phase 1: Recruiting Foundations"",""items"":[{""title"":""[Free YouTube] Learn Recruiting fundamentals for HR Specialist"",""resourceUrl"":""https://www.youtube.com/results?search_query=Recruiting%20tutorial%20for%20beginners"",""estHours"":6,""cost"":""free""},{""title"":""[Free Roadmap] Review the HR Specialist skill map"",""resourceUrl"":""https://roadmap.sh/"",""estHours"":3,""cost"":""free""},{""title"":""[Paid Udemy] Take a structured Recruiting course"",""resourceUrl"":""https://www.udemy.com/courses/search/?q=Recruiting"",""estHours"":8,""cost"":""paid""}]},{""phaseName"":""Phase 2: Employee Relations Core Tools"",""items"":[{""title"":""[Free YouTube] Practice Employee Relations with guided tutorials"",""resourceUrl"":""https://www.youtube.com/results?search_query=Employee%20Relations%20tutorial"",""estHours"":6,""cost"":""free""},{""title"":""[Free Docs] Read official Employee Relations references and examples"",""resourceUrl"":""https://www.google.com/search?q=Employee%20Relations%20official%20documentation"",""estHours"":4,""cost"":""free""},{""title"":""[Paid Coursera] Study Employee Relations with graded exercises"",""resourceUrl"":""https://www.coursera.org/search?query=Employee%20Relations"",""estHours"":8,""cost"":""paid""}]},{""phaseName"":""Phase 3: HRIS Applied Project"",""items"":[{""title"":""[Free YouTube] Build a HR Specialist project using HRIS"",""resourceUrl"":""https://www.youtube.com/results?search_query=HRIS%20project%20tutorial"",""estHours"":8,""cost"":""free""},{""title"":""[Free GitHub] Publish notes, screenshots, and source files"",""resourceUrl"":""https://github.com/"",""estHours"":4,""cost"":""free""},{""title"":""[Paid Udemy] Complete a portfolio project for HR Specialist"",""resourceUrl"":""https://www.udemy.com/courses/search/?q=HR%20Specialist%20project"",""estHours"":10,""cost"":""paid""}]},{""phaseName"":""Phase 4: Portfolio and Interview Prep"",""items"":[{""title"":""[Free YouTube] Practice HR Specialist interview questions"",""resourceUrl"":""https://www.youtube.com/results?search_query=HR%20Specialist%20interview%20questions"",""estHours"":5,""cost"":""free""},{""title"":""[Free Docs] Create a case study and resume proof points"",""resourceUrl"":""https://www.freecodecamp.org/news/tag/career/"",""estHours"":4,""cost"":""free""},{""title"":""[Paid Udemy] Prepare for HR Specialist interviews"",""resourceUrl"":""https://www.udemy.com/courses/search/?q=HR%20Specialist%20interview"",""estHours"":6,""cost"":""paid""}]}]",seed-materials,
Marketing,Digital Marketing,Digital Marketing Specialist,"SEO, SEM, Google Analytics, Copywriting, Campaigns, Reporting",Runs digital campaigns and measures acquisition performance.,"[{""phaseName"":""Phase 1: SEO Foundations"",""items"":[{""title"":""[Free YouTube] Learn SEO fundamentals for Digital Marketing Specialist"",""resourceUrl"":""https://www.youtube.com/results?search_query=SEO%20tutorial%20for%20beginners"",""estHours"":6,""cost"":""free""},{""title"":""[Free Roadmap] Review the Digital Marketing Specialist skill map"",""resourceUrl"":""https://roadmap.sh/"",""estHours"":3,""cost"":""free""},{""title"":""[Paid Udemy] Take a structured SEO course"",""resourceUrl"":""https://www.udemy.com/courses/search/?q=SEO"",""estHours"":8,""cost"":""paid""}]},{""phaseName"":""Phase 2: SEM Core Tools"",""items"":[{""title"":""[Free YouTube] Practice SEM with guided tutorials"",""resourceUrl"":""https://www.youtube.com/results?search_query=SEM%20tutorial"",""estHours"":6,""cost"":""free""},{""title"":""[Free Docs] Read official SEM references and examples"",""resourceUrl"":""https://www.google.com/search?q=SEM%20official%20documentation"",""estHours"":4,""cost"":""free""},{""title"":""[Paid Coursera] Study SEM with graded exercises"",""resourceUrl"":""https://www.coursera.org/search?query=SEM"",""estHours"":8,""cost"":""paid""}]},{""phaseName"":""Phase 3: Google Analytics Applied Project"",""items"":[{""title"":""[Free YouTube] Build a Digital Marketing Specialist project using Google Analytics"",""resourceUrl"":""https://www.youtube.com/results?search_query=Google%20Analytics%20project%20tutorial"",""estHours"":8,""cost"":""free""},{""title"":""[Free GitHub] Publish notes, screenshots, and source files"",""resourceUrl"":""https://github.com/"",""estHours"":4,""cost"":""free""},{""title"":""[Paid Udemy] Complete a portfolio project for Digital Marketing Specialist"",""resourceUrl"":""https://www.udemy.com/courses/search/?q=Digital%20Marketing%20Specialist%20project"",""estHours"":10,""cost"":""paid""}]},{""phaseName"":""Phase 4: Portfolio and Interview Prep"",""items"":[{""title"":""[Free YouTube] Practice Digital Marketing Specialist interview questions"",""resourceUrl"":""https://www.youtube.com/results?search_query=Digital%20Marketing%20Specialist%20interview%20questions"",""estHours"":5,""cost"":""free""},{""title"":""[Free Docs] Create a case study and resume proof points"",""resourceUrl"":""https://www.freecodecamp.org/news/tag/career/"",""estHours"":4,""cost"":""free""},{""title"":""[Paid Udemy] Prepare for Digital Marketing Specialist interviews"",""resourceUrl"":""https://www.udemy.com/courses/search/?q=Digital%20Marketing%20Specialist%20interview"",""estHours"":6,""cost"":""paid""}]}]",seed-materials,
Marketing,Growth Marketing,Growth Marketer,"A/B Testing, Analytics, Paid Ads, Copywriting, Funnels, Retention","Finds scalable ways to acquire, activate, and retain users.","[{""phaseName"":""Phase 1: A/B Testing Foundations"",""items"":[{""title"":""[Free YouTube] Learn A/B Testing fundamentals for Growth Marketer"",""resourceUrl"":""https://www.youtube.com/results?search_query=A%2FB%20Testing%20tutorial%20for%20beginners"",""estHours"":6,""cost"":""free""},{""title"":""[Free Roadmap] Review the Growth Marketer skill map"",""resourceUrl"":""https://roadmap.sh/"",""estHours"":3,""cost"":""free""},{""title"":""[Paid Udemy] Take a structured A/B Testing course"",""resourceUrl"":""https://www.udemy.com/courses/search/?q=A%2FB%20Testing"",""estHours"":8,""cost"":""paid""}]},{""phaseName"":""Phase 2: Analytics Core Tools"",""items"":[{""title"":""[Free YouTube] Practice Analytics with guided tutorials"",""resourceUrl"":""https://www.youtube.com/results?search_query=Analytics%20tutorial"",""estHours"":6,""cost"":""free""},{""title"":""[Free Docs] Read official Analytics references and examples"",""resourceUrl"":""https://www.google.com/search?q=Analytics%20official%20documentation"",""estHours"":4,""cost"":""free""},{""title"":""[Paid Coursera] Study Analytics with graded exercises"",""resourceUrl"":""https://www.coursera.org/search?query=Analytics"",""estHours"":8,""cost"":""paid""}]},{""phaseName"":""Phase 3: Paid Ads Applied Project"",""items"":[{""title"":""[Free YouTube] Build a Growth Marketer project using Paid Ads"",""resourceUrl"":""https://www.youtube.com/results?search_query=Paid%20Ads%20project%20tutorial"",""estHours"":8,""cost"":""free""},{""title"":""[Free GitHub] Publish notes, screenshots, and source files"",""resourceUrl"":""https://github.com/"",""estHours"":4,""cost"":""free""},{""title"":""[Paid Udemy] Complete a portfolio project for Growth Marketer"",""resourceUrl"":""https://www.udemy.com/courses/search/?q=Growth%20Marketer%20project"",""estHours"":10,""cost"":""paid""}]},{""phaseName"":""Phase 4: Portfolio and Interview Prep"",""items"":[{""title"":""[Free YouTube] Practice Growth Marketer interview questions"",""resourceUrl"":""https://www.youtube.com/results?search_query=Growth%20Marketer%20interview%20questions"",""estHours"":5,""cost"":""free""},{""title"":""[Free Docs] Create a case study and resume proof points"",""resourceUrl"":""https://www.freecodecamp.org/news/tag/career/"",""estHours"":4,""cost"":""free""},{""title"":""[Paid Udemy] Prepare for Growth Marketer interviews"",""resourceUrl"":""https://www.udemy.com/courses/search/?q=Growth%20Marketer%20interview"",""estHours"":6,""cost"":""paid""}]}]",seed-materials,
Marketing,Content Marketing,Content Strategist,"Writing, SEO, Editorial Calendar, Research, Analytics, Brand Voice",Plans and creates content that supports audience growth and business goals.,"[{""phaseName"":""Phase 1: Writing Foundations"",""items"":[{""title"":""[Free YouTube] Learn Writing fundamentals for Content Strategist"",""resourceUrl"":""https://www.youtube.com/results?search_query=Writing%20tutorial%20for%20beginners"",""estHours"":6,""cost"":""free""},{""title"":""[Free Roadmap] Review the Content Strategist skill map"",""resourceUrl"":""https://roadmap.sh/"",""estHours"":3,""cost"":""free""},{""title"":""[Paid Udemy] Take a structured Writing course"",""resourceUrl"":""https://www.udemy.com/courses/search/?q=Writing"",""estHours"":8,""cost"":""paid""}]},{""phaseName"":""Phase 2: SEO Core Tools"",""items"":[{""title"":""[Free YouTube] Practice SEO with guided tutorials"",""resourceUrl"":""https://www.youtube.com/results?search_query=SEO%20tutorial"",""estHours"":6,""cost"":""free""},{""title"":""[Free Docs] Read official SEO references and examples"",""resourceUrl"":""https://www.google.com/search?q=SEO%20official%20documentation"",""estHours"":4,""cost"":""free""},{""title"":""[Paid Coursera] Study SEO with graded exercises"",""resourceUrl"":""https://www.coursera.org/search?query=SEO"",""estHours"":8,""cost"":""paid""}]},{""phaseName"":""Phase 3: Editorial Calendar Applied Project"",""items"":[{""title"":""[Free YouTube] Build a Content Strategist project using Editorial Calendar"",""resourceUrl"":""https://www.youtube.com/results?search_query=Editorial%20Calendar%20project%20tutorial"",""estHours"":8,""cost"":""free""},{""title"":""[Free GitHub] Publish notes, screenshots, and source files"",""resourceUrl"":""https://github.com/"",""estHours"":4,""cost"":""free""},{""title"":""[Paid Udemy] Complete a portfolio project for Content Strategist"",""resourceUrl"":""https://www.udemy.com/courses/search/?q=Content%20Strategist%20project"",""estHours"":10,""cost"":""paid""}]},{""phaseName"":""Phase 4: Portfolio and Interview Prep"",""items"":[{""title"":""[Free YouTube] Practice Content Strategist interview questions"",""resourceUrl"":""https://www.youtube.com/results?search_query=Content%20Strategist%20interview%20questions"",""estHours"":5,""cost"":""free""},{""title"":""[Free Docs] Create a case study and resume proof points"",""resourceUrl"":""https://www.freecodecamp.org/news/tag/career/"",""estHours"":4,""cost"":""free""},{""title"":""[Paid Udemy] Prepare for Content Strategist interviews"",""resourceUrl"":""https://www.udemy.com/courses/search/?q=Content%20Strategist%20interview"",""estHours"":6,""cost"":""paid""}]}]",seed-materials,
Marketing,Social Media,Social Media Manager,"Content Creation, Community Management, Analytics, Copywriting, Scheduling, Brand",Builds and manages brand presence across social platforms.,"[{""phaseName"":""Phase 1: Content Creation Foundations"",""items"":[{""title"":""[Free YouTube] Learn Content Creation fundamentals for Social Media Manager"",""resourceUrl"":""https://www.youtube.com/results?search_query=Content%20Creation%20tutorial%20for%20beginners"",""estHours"":6,""cost"":""free""},{""title"":""[Free Roadmap] Review the Social Media Manager skill map"",""resourceUrl"":""https://roadmap.sh/"",""estHours"":3,""cost"":""free""},{""title"":""[Paid Udemy] Take a structured Content Creation course"",""resourceUrl"":""https://www.udemy.com/courses/search/?q=Content%20Creation"",""estHours"":8,""cost"":""paid""}]},{""phaseName"":""Phase 2: Community Management Core Tools"",""items"":[{""title"":""[Free YouTube] Practice Community Management with guided tutorials"",""resourceUrl"":""https://www.youtube.com/results?search_query=Community%20Management%20tutorial"",""estHours"":6,""cost"":""free""},{""title"":""[Free Docs] Read official Community Management references and examples"",""resourceUrl"":""https://www.google.com/search?q=Community%20Management%20official%20documentation"",""estHours"":4,""cost"":""free""},{""title"":""[Paid Coursera] Study Community Management with graded exercises"",""resourceUrl"":""https://www.coursera.org/search?query=Community%20Management"",""estHours"":8,""cost"":""paid""}]},{""phaseName"":""Phase 3: Analytics Applied Project"",""items"":[{""title"":""[Free YouTube] Build a Social Media Manager project using Analytics"",""resourceUrl"":""https://www.youtube.com/results?search_query=Analytics%20project%20tutorial"",""estHours"":8,""cost"":""free""},{""title"":""[Free GitHub] Publish notes, screenshots, and source files"",""resourceUrl"":""https://github.com/"",""estHours"":4,""cost"":""free""},{""title"":""[Paid Udemy] Complete a portfolio project for Social Media Manager"",""resourceUrl"":""https://www.udemy.com/courses/search/?q=Social%20Media%20Manager%20project"",""estHours"":10,""cost"":""paid""}]},{""phaseName"":""Phase 4: Portfolio and Interview Prep"",""items"":[{""title"":""[Free YouTube] Practice Social Media Manager interview questions"",""resourceUrl"":""https://www.youtube.com/results?search_query=Social%20Media%20Manager%20interview%20questions"",""estHours"":5,""cost"":""free""},{""title"":""[Free Docs] Create a case study and resume proof points"",""resourceUrl"":""https://www.freecodecamp.org/news/tag/career/"",""estHours"":4,""cost"":""free""},{""title"":""[Paid Udemy] Prepare for Social Media Manager interviews"",""resourceUrl"":""https://www.udemy.com/courses/search/?q=Social%20Media%20Manager%20interview"",""estHours"":6,""cost"":""paid""}]}]",seed-materials,
Business,B2B Sales,Sales Development Representative,"Prospecting, CRM, Cold Email, Discovery Calls, Objection Handling, Communication",Builds qualified sales pipeline through outreach and discovery.,"[{""phaseName"":""Phase 1: Prospecting Foundations"",""items"":[{""title"":""[Free YouTube] Learn Prospecting fundamentals for Sales Development Representative"",""resourceUrl"":""https://www.youtube.com/results?search_query=Prospecting%20tutorial%20for%20beginners"",""estHours"":6,""cost"":""free""},{""title"":""[Free Roadmap] Review the Sales Development Representative skill map"",""resourceUrl"":""https://roadmap.sh/"",""estHours"":3,""cost"":""free""},{""title"":""[Paid Udemy] Take a structured Prospecting course"",""resourceUrl"":""https://www.udemy.com/courses/search/?q=Prospecting"",""estHours"":8,""cost"":""paid""}]},{""phaseName"":""Phase 2: CRM Core Tools"",""items"":[{""title"":""[Free YouTube] Practice CRM with guided tutorials"",""resourceUrl"":""https://www.youtube.com/results?search_query=CRM%20tutorial"",""estHours"":6,""cost"":""free""},{""title"":""[Free Docs] Read official CRM references and examples"",""resourceUrl"":""https://www.google.com/search?q=CRM%20official%20documentation"",""estHours"":4,""cost"":""free""},{""title"":""[Paid Coursera] Study CRM with graded exercises"",""resourceUrl"":""https://www.coursera.org/search?query=CRM"",""estHours"":8,""cost"":""paid""}]},{""phaseName"":""Phase 3: Cold Email Applied Project"",""items"":[{""title"":""[Free YouTube] Build a Sales Development Representative project using Cold Email"",""resourceUrl"":""https://www.youtube.com/results?search_query=Cold%20Email%20project%20tutorial"",""estHours"":8,""cost"":""free""},{""title"":""[Free GitHub] Publish notes, screenshots, and source files"",""resourceUrl"":""https://github.com/"",""estHours"":4,""cost"":""free""},{""title"":""[Paid Udemy] Complete a portfolio project for Sales Development Representative"",""resourceUrl"":""https://www.udemy.com/courses/search/?q=Sales%20Development%20Representative%20project"",""estHours"":10,""cost"":""paid""}]},{""phaseName"":""Phase 4: Portfolio and Interview Prep"",""items"":[{""title"":""[Free YouTube] Practice Sales Development Representative interview questions"",""resourceUrl"":""https://www.youtube.com/results?search_query=Sales%20Development%20Representative%20interview%20questions"",""estHours"":5,""cost"":""free""},{""title"":""[Free Docs] Create a case study and resume proof points"",""resourceUrl"":""https://www.freecodecamp.org/news/tag/career/"",""estHours"":4,""cost"":""free""},{""title"":""[Paid Udemy] Prepare for Sales Development Representative interviews"",""resourceUrl"":""https://www.udemy.com/courses/search/?q=Sales%20Development%20Representative%20interview"",""estHours"":6,""cost"":""paid""}]}]",seed-materials,
General,Customer Success,Customer Success Manager,"Account Management, Onboarding, Product Knowledge, Communication, Renewals, Analytics",Helps customers achieve value and remain successful with a product.,"[{""phaseName"":""Phase 1: Account Management Foundations"",""items"":[{""title"":""[Free YouTube] Learn Account Management fundamentals for Customer Success Manager"",""resourceUrl"":""https://www.youtube.com/results?search_query=Account%20Management%20tutorial%20for%20beginners"",""estHours"":6,""cost"":""free""},{""title"":""[Free Roadmap] Review the Customer Success Manager skill map"",""resourceUrl"":""https://roadmap.sh/"",""estHours"":3,""cost"":""free""},{""title"":""[Paid Udemy] Take a structured Account Management course"",""resourceUrl"":""https://www.udemy.com/courses/search/?q=Account%20Management"",""estHours"":8,""cost"":""paid""}]},{""phaseName"":""Phase 2: Onboarding Core Tools"",""items"":[{""title"":""[Free YouTube] Practice Onboarding with guided tutorials"",""resourceUrl"":""https://www.youtube.com/results?search_query=Onboarding%20tutorial"",""estHours"":6,""cost"":""free""},{""title"":""[Free Docs] Read official Onboarding references and examples"",""resourceUrl"":""https://www.google.com/search?q=Onboarding%20official%20documentation"",""estHours"":4,""cost"":""free""},{""title"":""[Paid Coursera] Study Onboarding with graded exercises"",""resourceUrl"":""https://www.coursera.org/search?query=Onboarding"",""estHours"":8,""cost"":""paid""}]},{""phaseName"":""Phase 3: Product Knowledge Applied Project"",""items"":[{""title"":""[Free YouTube] Build a Customer Success Manager project using Product Knowledge"",""resourceUrl"":""https://www.youtube.com/results?search_query=Product%20Knowledge%20project%20tutorial"",""estHours"":8,""cost"":""free""},{""title"":""[Free GitHub] Publish notes, screenshots, and source files"",""resourceUrl"":""https://github.com/"",""estHours"":4,""cost"":""free""},{""title"":""[Paid Udemy] Complete a portfolio project for Customer Success Manager"",""resourceUrl"":""https://www.udemy.com/courses/search/?q=Customer%20Success%20Manager%20project"",""estHours"":10,""cost"":""paid""}]},{""phaseName"":""Phase 4: Portfolio and Interview Prep"",""items"":[{""title"":""[Free YouTube] Practice Customer Success Manager interview questions"",""resourceUrl"":""https://www.youtube.com/results?search_query=Customer%20Success%20Manager%20interview%20questions"",""estHours"":5,""cost"":""free""},{""title"":""[Free Docs] Create a case study and resume proof points"",""resourceUrl"":""https://www.freecodecamp.org/news/tag/career/"",""estHours"":4,""cost"":""free""},{""title"":""[Paid Udemy] Prepare for Customer Success Manager interviews"",""resourceUrl"":""https://www.udemy.com/courses/search/?q=Customer%20Success%20Manager%20interview"",""estHours"":6,""cost"":""paid""}]}]",seed-materials,
Business,Financial Analysis,Financial Analyst,"Excel, Accounting, Financial Modeling, Forecasting, Valuation, Reporting",Analyzes company performance and supports financial decisions.,"[{""phaseName"":""Phase 1: Excel Foundations"",""items"":[{""title"":""[Free YouTube] Learn Excel fundamentals for Financial Analyst"",""resourceUrl"":""https://www.youtube.com/results?search_query=Excel%20tutorial%20for%20beginners"",""estHours"":6,""cost"":""free""},{""title"":""[Free Roadmap] Review the Financial Analyst skill map"",""resourceUrl"":""https://roadmap.sh/"",""estHours"":3,""cost"":""free""},{""title"":""[Paid Udemy] Take a structured Excel course"",""resourceUrl"":""https://www.udemy.com/courses/search/?q=Excel"",""estHours"":8,""cost"":""paid""}]},{""phaseName"":""Phase 2: Accounting Core Tools"",""items"":[{""title"":""[Free YouTube] Practice Accounting with guided tutorials"",""resourceUrl"":""https://www.youtube.com/results?search_query=Accounting%20tutorial"",""estHours"":6,""cost"":""free""},{""title"":""[Free Docs] Read official Accounting references and examples"",""resourceUrl"":""https://www.google.com/search?q=Accounting%20official%20documentation"",""estHours"":4,""cost"":""free""},{""title"":""[Paid Coursera] Study Accounting with graded exercises"",""resourceUrl"":""https://www.coursera.org/search?query=Accounting"",""estHours"":8,""cost"":""paid""}]},{""phaseName"":""Phase 3: Financial Modeling Applied Project"",""items"":[{""title"":""[Free YouTube] Build a Financial Analyst project using Financial Modeling"",""resourceUrl"":""https://www.youtube.com/results?search_query=Financial%20Modeling%20project%20tutorial"",""estHours"":8,""cost"":""free""},{""title"":""[Free GitHub] Publish notes, screenshots, and source files"",""resourceUrl"":""https://github.com/"",""estHours"":4,""cost"":""free""},{""title"":""[Paid Udemy] Complete a portfolio project for Financial Analyst"",""resourceUrl"":""https://www.udemy.com/courses/search/?q=Financial%20Analyst%20project"",""estHours"":10,""cost"":""paid""}]},{""phaseName"":""Phase 4: Portfolio and Interview Prep"",""items"":[{""title"":""[Free YouTube] Practice Financial Analyst interview questions"",""resourceUrl"":""https://www.youtube.com/results?search_query=Financial%20Analyst%20interview%20questions"",""estHours"":5,""cost"":""free""},{""title"":""[Free Docs] Create a case study and resume proof points"",""resourceUrl"":""https://www.freecodecamp.org/news/tag/career/"",""estHours"":4,""cost"":""free""},{""title"":""[Paid Udemy] Prepare for Financial Analyst interviews"",""resourceUrl"":""https://www.udemy.com/courses/search/?q=Financial%20Analyst%20interview"",""estHours"":6,""cost"":""paid""}]}]",seed-materials,
General,Accounting,Accountant,"Bookkeeping, GAAP, Tax, Excel, Reconciliation, Financial Statements",Maintains financial records and prepares compliant reports.,"[{""phaseName"":""Phase 1: Bookkeeping Foundations"",""items"":[{""title"":""[Free YouTube] Learn Bookkeeping fundamentals for Accountant"",""resourceUrl"":""https://www.youtube.com/results?search_query=Bookkeeping%20tutorial%20for%20beginners"",""estHours"":6,""cost"":""free""},{""title"":""[Free Roadmap] Review the Accountant skill map"",""resourceUrl"":""https://roadmap.sh/"",""estHours"":3,""cost"":""free""},{""title"":""[Paid Udemy] Take a structured Bookkeeping course"",""resourceUrl"":""https://www.udemy.com/courses/search/?q=Bookkeeping"",""estHours"":8,""cost"":""paid""}]},{""phaseName"":""Phase 2: GAAP Core Tools"",""items"":[{""title"":""[Free YouTube] Practice GAAP with guided tutorials"",""resourceUrl"":""https://www.youtube.com/results?search_query=GAAP%20tutorial"",""estHours"":6,""cost"":""free""},{""title"":""[Free Docs] Read official GAAP references and examples"",""resourceUrl"":""https://www.google.com/search?q=GAAP%20official%20documentation"",""estHours"":4,""cost"":""free""},{""title"":""[Paid Coursera] Study GAAP with graded exercises"",""resourceUrl"":""https://www.coursera.org/search?query=GAAP"",""estHours"":8,""cost"":""paid""}]},{""phaseName"":""Phase 3: Tax Applied Project"",""items"":[{""title"":""[Free YouTube] Build a Accountant project using Tax"",""resourceUrl"":""https://www.youtube.com/results?search_query=Tax%20project%20tutorial"",""estHours"":8,""cost"":""free""},{""title"":""[Free GitHub] Publish notes, screenshots, and source files"",""resourceUrl"":""https://github.com/"",""estHours"":4,""cost"":""free""},{""title"":""[Paid Udemy] Complete a portfolio project for Accountant"",""resourceUrl"":""https://www.udemy.com/courses/search/?q=Accountant%20project"",""estHours"":10,""cost"":""paid""}]},{""phaseName"":""Phase 4: Portfolio and Interview Prep"",""items"":[{""title"":""[Free YouTube] Practice Accountant interview questions"",""resourceUrl"":""https://www.youtube.com/results?search_query=Accountant%20interview%20questions"",""estHours"":5,""cost"":""free""},{""title"":""[Free Docs] Create a case study and resume proof points"",""resourceUrl"":""https://www.freecodecamp.org/news/tag/career/"",""estHours"":4,""cost"":""free""},{""title"":""[Paid Udemy] Prepare for Accountant interviews"",""resourceUrl"":""https://www.udemy.com/courses/search/?q=Accountant%20interview"",""estHours"":6,""cost"":""paid""}]}]",seed-materials,
Business,Investment Banking,Investment Banking Analyst,"Valuation, Excel, PowerPoint, Financial Modeling, Due Diligence, Markets","Supports capital raising, mergers, acquisitions, and investment analysis.","[{""phaseName"":""Phase 1: Valuation Foundations"",""items"":[{""title"":""[Free YouTube] Learn Valuation fundamentals for Investment Banking Analyst"",""resourceUrl"":""https://www.youtube.com/results?search_query=Valuation%20tutorial%20for%20beginners"",""estHours"":6,""cost"":""free""},{""title"":""[Free Roadmap] Review the Investment Banking Analyst skill map"",""resourceUrl"":""https://roadmap.sh/"",""estHours"":3,""cost"":""free""},{""title"":""[Paid Udemy] Take a structured Valuation course"",""resourceUrl"":""https://www.udemy.com/courses/search/?q=Valuation"",""estHours"":8,""cost"":""paid""}]},{""phaseName"":""Phase 2: Excel Core Tools"",""items"":[{""title"":""[Free YouTube] Practice Excel with guided tutorials"",""resourceUrl"":""https://www.youtube.com/results?search_query=Excel%20tutorial"",""estHours"":6,""cost"":""free""},{""title"":""[Free Docs] Read official Excel references and examples"",""resourceUrl"":""https://www.google.com/search?q=Excel%20official%20documentation"",""estHours"":4,""cost"":""free""},{""title"":""[Paid Coursera] Study Excel with graded exercises"",""resourceUrl"":""https://www.coursera.org/search?query=Excel"",""estHours"":8,""cost"":""paid""}]},{""phaseName"":""Phase 3: PowerPoint Applied Project"",""items"":[{""title"":""[Free YouTube] Build a Investment Banking Analyst project using PowerPoint"",""resourceUrl"":""https://www.youtube.com/results?search_query=PowerPoint%20project%20tutorial"",""estHours"":8,""cost"":""free""},{""title"":""[Free GitHub] Publish notes, screenshots, and source files"",""resourceUrl"":""https://github.com/"",""estHours"":4,""cost"":""free""},{""title"":""[Paid Udemy] Complete a portfolio project for Investment Banking Analyst"",""resourceUrl"":""https://www.udemy.com/courses/search/?q=Investment%20Banking%20Analyst%20project"",""estHours"":10,""cost"":""paid""}]},{""phaseName"":""Phase 4: Portfolio and Interview Prep"",""items"":[{""title"":""[Free YouTube] Practice Investment Banking Analyst interview questions"",""resourceUrl"":""https://www.youtube.com/results?search_query=Investment%20Banking%20Analyst%20interview%20questions"",""estHours"":5,""cost"":""free""},{""title"":""[Free Docs] Create a case study and resume proof points"",""resourceUrl"":""https://www.freecodecamp.org/news/tag/career/"",""estHours"":4,""cost"":""free""},{""title"":""[Paid Udemy] Prepare for Investment Banking Analyst interviews"",""resourceUrl"":""https://www.udemy.com/courses/search/?q=Investment%20Banking%20Analyst%20interview"",""estHours"":6,""cost"":""paid""}]}]",seed-materials,
Business,Risk Management,Risk Analyst,"Statistics, Excel, Compliance, Scenario Analysis, Reporting, Finance","Identifies, measures, and reports financial or operational risk.","[{""phaseName"":""Phase 1: Statistics Foundations"",""items"":[{""title"":""[Free YouTube] Learn Statistics fundamentals for Risk Analyst"",""resourceUrl"":""https://www.youtube.com/results?search_query=Statistics%20tutorial%20for%20beginners"",""estHours"":6,""cost"":""free""},{""title"":""[Free Roadmap] Review the Risk Analyst skill map"",""resourceUrl"":""https://roadmap.sh/"",""estHours"":3,""cost"":""free""},{""title"":""[Paid Udemy] Take a structured Statistics course"",""resourceUrl"":""https://www.udemy.com/courses/search/?q=Statistics"",""estHours"":8,""cost"":""paid""}]},{""phaseName"":""Phase 2: Excel Core Tools"",""items"":[{""title"":""[Free YouTube] Practice Excel with guided tutorials"",""resourceUrl"":""https://www.youtube.com/results?search_query=Excel%20tutorial"",""estHours"":6,""cost"":""free""},{""title"":""[Free Docs] Read official Excel references and examples"",""resourceUrl"":""https://www.google.com/search?q=Excel%20official%20documentation"",""estHours"":4,""cost"":""free""},{""title"":""[Paid Coursera] Study Excel with graded exercises"",""resourceUrl"":""https://www.coursera.org/search?query=Excel"",""estHours"":8,""cost"":""paid""}]},{""phaseName"":""Phase 3: Compliance Applied Project"",""items"":[{""title"":""[Free YouTube] Build a Risk Analyst project using Compliance"",""resourceUrl"":""https://www.youtube.com/results?search_query=Compliance%20project%20tutorial"",""estHours"":8,""cost"":""free""},{""title"":""[Free GitHub] Publish notes, screenshots, and source files"",""resourceUrl"":""https://github.com/"",""estHours"":4,""cost"":""free""},{""title"":""[Paid Udemy] Complete a portfolio project for Risk Analyst"",""resourceUrl"":""https://www.udemy.com/courses/search/?q=Risk%20Analyst%20project"",""estHours"":10,""cost"":""paid""}]},{""phaseName"":""Phase 4: Portfolio and Interview Prep"",""items"":[{""title"":""[Free YouTube] Practice Risk Analyst interview questions"",""resourceUrl"":""https://www.youtube.com/results?search_query=Risk%20Analyst%20interview%20questions"",""estHours"":5,""cost"":""free""},{""title"":""[Free Docs] Create a case study and resume proof points"",""resourceUrl"":""https://www.freecodecamp.org/news/tag/career/"",""estHours"":4,""cost"":""free""},{""title"":""[Paid Udemy] Prepare for Risk Analyst interviews"",""resourceUrl"":""https://www.udemy.com/courses/search/?q=Risk%20Analyst%20interview"",""estHours"":6,""cost"":""paid""}]}]",seed-materials,
Healthcare,Medicine,Medical Practitioner,"Anatomy, Clinical Diagnosis, Patient Care, Pharmacology, Medical Ethics, Communication",Diagnoses illness and provides evidence-based patient care.,"[{""phaseName"":""Phase 1: Anatomy Foundations"",""items"":[{""title"":""[Free YouTube] Learn Anatomy fundamentals for Medical Practitioner"",""resourceUrl"":""https://www.youtube.com/results?search_query=Anatomy%20tutorial%20for%20beginners"",""estHours"":6,""cost"":""free""},{""title"":""[Free Roadmap] Review the Medical Practitioner skill map"",""resourceUrl"":""https://roadmap.sh/"",""estHours"":3,""cost"":""free""},{""title"":""[Paid Udemy] Take a structured Anatomy course"",""resourceUrl"":""https://www.udemy.com/courses/search/?q=Anatomy"",""estHours"":8,""cost"":""paid""}]},{""phaseName"":""Phase 2: Clinical Diagnosis Core Tools"",""items"":[{""title"":""[Free YouTube] Practice Clinical Diagnosis with guided tutorials"",""resourceUrl"":""https://www.youtube.com/results?search_query=Clinical%20Diagnosis%20tutorial"",""estHours"":6,""cost"":""free""},{""title"":""[Free Docs] Read official Clinical Diagnosis references and examples"",""resourceUrl"":""https://www.google.com/search?q=Clinical%20Diagnosis%20official%20documentation"",""estHours"":4,""cost"":""free""},{""title"":""[Paid Coursera] Study Clinical Diagnosis with graded exercises"",""resourceUrl"":""https://www.coursera.org/search?query=Clinical%20Diagnosis"",""estHours"":8,""cost"":""paid""}]},{""phaseName"":""Phase 3: Patient Care Applied Project"",""items"":[{""title"":""[Free YouTube] Build a Medical Practitioner project using Patient Care"",""resourceUrl"":""https://www.youtube.com/results?search_query=Patient%20Care%20project%20tutorial"",""estHours"":8,""cost"":""free""},{""title"":""[Free GitHub] Publish notes, screenshots, and source files"",""resourceUrl"":""https://github.com/"",""estHours"":4,""cost"":""free""},{""title"":""[Paid Udemy] Complete a portfolio project for Medical Practitioner"",""resourceUrl"":""https://www.udemy.com/courses/search/?q=Medical%20Practitioner%20project"",""estHours"":10,""cost"":""paid""}]},{""phaseName"":""Phase 4: Portfolio and Interview Prep"",""items"":[{""title"":""[Free YouTube] Practice Medical Practitioner interview questions"",""resourceUrl"":""https://www.youtube.com/results?search_query=Medical%20Practitioner%20interview%20questions"",""estHours"":5,""cost"":""free""},{""title"":""[Free Docs] Create a case study and resume proof points"",""resourceUrl"":""https://www.freecodecamp.org/news/tag/career/"",""estHours"":4,""cost"":""free""},{""title"":""[Paid Udemy] Prepare for Medical Practitioner interviews"",""resourceUrl"":""https://www.udemy.com/courses/search/?q=Medical%20Practitioner%20interview"",""estHours"":6,""cost"":""paid""}]}]",seed-materials,
Healthcare,Nursing,Registered Nurse,"Patient Care, Clinical Procedures, Medication Safety, Communication, Documentation, Triage",Delivers direct care and coordinates patient treatment activities.,"[{""phaseName"":""Phase 1: Patient Care Foundations"",""items"":[{""title"":""[Free YouTube] Learn Patient Care fundamentals for Registered Nurse"",""resourceUrl"":""https://www.youtube.com/results?search_query=Patient%20Care%20tutorial%20for%20beginners"",""estHours"":6,""cost"":""free""},{""title"":""[Free Roadmap] Review the Registered Nurse skill map"",""resourceUrl"":""https://roadmap.sh/"",""estHours"":3,""cost"":""free""},{""title"":""[Paid Udemy] Take a structured Patient Care course"",""resourceUrl"":""https://www.udemy.com/courses/search/?q=Patient%20Care"",""estHours"":8,""cost"":""paid""}]},{""phaseName"":""Phase 2: Clinical Procedures Core Tools"",""items"":[{""title"":""[Free YouTube] Practice Clinical Procedures with guided tutorials"",""resourceUrl"":""https://www.youtube.com/results?search_query=Clinical%20Procedures%20tutorial"",""estHours"":6,""cost"":""free""},{""title"":""[Free Docs] Read official Clinical Procedures references and examples"",""resourceUrl"":""https://www.google.com/search?q=Clinical%20Procedures%20official%20documentation"",""estHours"":4,""cost"":""free""},{""title"":""[Paid Coursera] Study Clinical Procedures with graded exercises"",""resourceUrl"":""https://www.coursera.org/search?query=Clinical%20Procedures"",""estHours"":8,""cost"":""paid""}]},{""phaseName"":""Phase 3: Medication Safety Applied Project"",""items"":[{""title"":""[Free YouTube] Build a Registered Nurse project using Medication Safety"",""resourceUrl"":""https://www.youtube.com/results?search_query=Medication%20Safety%20project%20tutorial"",""estHours"":8,""cost"":""free""},{""title"":""[Free GitHub] Publish notes, screenshots, and source files"",""resourceUrl"":""https://github.com/"",""estHours"":4,""cost"":""free""},{""title"":""[Paid Udemy] Complete a portfolio project for Registered Nurse"",""resourceUrl"":""https://www.udemy.com/courses/search/?q=Registered%20Nurse%20project"",""estHours"":10,""cost"":""paid""}]},{""phaseName"":""Phase 4: Portfolio and Interview Prep"",""items"":[{""title"":""[Free YouTube] Practice Registered Nurse interview questions"",""resourceUrl"":""https://www.youtube.com/results?search_query=Registered%20Nurse%20interview%20questions"",""estHours"":5,""cost"":""free""},{""title"":""[Free Docs] Create a case study and resume proof points"",""resourceUrl"":""https://www.freecodecamp.org/news/tag/career/"",""estHours"":4,""cost"":""free""},{""title"":""[Paid Udemy] Prepare for Registered Nurse interviews"",""resourceUrl"":""https://www.udemy.com/courses/search/?q=Registered%20Nurse%20interview"",""estHours"":6,""cost"":""paid""}]}]",seed-materials,
Healthcare,Pharmacy,Pharmacist,"Pharmacology, Patient Counseling, Medication Safety, Healthcare Law, Inventory, Communication",Dispenses medicine and advises patients on safe medication use.,"[{""phaseName"":""Phase 1: Pharmacology Foundations"",""items"":[{""title"":""[Free YouTube] Learn Pharmacology fundamentals for Pharmacist"",""resourceUrl"":""https://www.youtube.com/results?search_query=Pharmacology%20tutorial%20for%20beginners"",""estHours"":6,""cost"":""free""},{""title"":""[Free Roadmap] Review the Pharmacist skill map"",""resourceUrl"":""https://roadmap.sh/"",""estHours"":3,""cost"":""free""},{""title"":""[Paid Udemy] Take a structured Pharmacology course"",""resourceUrl"":""https://www.udemy.com/courses/search/?q=Pharmacology"",""estHours"":8,""cost"":""paid""}]},{""phaseName"":""Phase 2: Patient Counseling Core Tools"",""items"":[{""title"":""[Free YouTube] Practice Patient Counseling with guided tutorials"",""resourceUrl"":""https://www.youtube.com/results?search_query=Patient%20Counseling%20tutorial"",""estHours"":6,""cost"":""free""},{""title"":""[Free Docs] Read official Patient Counseling references and examples"",""resourceUrl"":""https://www.google.com/search?q=Patient%20Counseling%20official%20documentation"",""estHours"":4,""cost"":""free""},{""title"":""[Paid Coursera] Study Patient Counseling with graded exercises"",""resourceUrl"":""https://www.coursera.org/search?query=Patient%20Counseling"",""estHours"":8,""cost"":""paid""}]},{""phaseName"":""Phase 3: Medication Safety Applied Project"",""items"":[{""title"":""[Free YouTube] Build a Pharmacist project using Medication Safety"",""resourceUrl"":""https://www.youtube.com/results?search_query=Medication%20Safety%20project%20tutorial"",""estHours"":8,""cost"":""free""},{""title"":""[Free GitHub] Publish notes, screenshots, and source files"",""resourceUrl"":""https://github.com/"",""estHours"":4,""cost"":""free""},{""title"":""[Paid Udemy] Complete a portfolio project for Pharmacist"",""resourceUrl"":""https://www.udemy.com/courses/search/?q=Pharmacist%20project"",""estHours"":10,""cost"":""paid""}]},{""phaseName"":""Phase 4: Portfolio and Interview Prep"",""items"":[{""title"":""[Free YouTube] Practice Pharmacist interview questions"",""resourceUrl"":""https://www.youtube.com/results?search_query=Pharmacist%20interview%20questions"",""estHours"":5,""cost"":""free""},{""title"":""[Free Docs] Create a case study and resume proof points"",""resourceUrl"":""https://www.freecodecamp.org/news/tag/career/"",""estHours"":4,""cost"":""free""},{""title"":""[Paid Udemy] Prepare for Pharmacist interviews"",""resourceUrl"":""https://www.udemy.com/courses/search/?q=Pharmacist%20interview"",""estHours"":6,""cost"":""paid""}]}]",seed-materials,
Business,Public Health,Public Health Analyst,"Epidemiology, Statistics, Policy, Research, Communication, Program Evaluation",Analyzes population health problems and supports prevention programs.,"[{""phaseName"":""Phase 1: Epidemiology Foundations"",""items"":[{""title"":""[Free YouTube] Learn Epidemiology fundamentals for Public Health Analyst"",""resourceUrl"":""https://www.youtube.com/results?search_query=Epidemiology%20tutorial%20for%20beginners"",""estHours"":6,""cost"":""free""},{""title"":""[Free Roadmap] Review the Public Health Analyst skill map"",""resourceUrl"":""https://roadmap.sh/"",""estHours"":3,""cost"":""free""},{""title"":""[Paid Udemy] Take a structured Epidemiology course"",""resourceUrl"":""https://www.udemy.com/courses/search/?q=Epidemiology"",""estHours"":8,""cost"":""paid""}]},{""phaseName"":""Phase 2: Statistics Core Tools"",""items"":[{""title"":""[Free YouTube] Practice Statistics with guided tutorials"",""resourceUrl"":""https://www.youtube.com/results?search_query=Statistics%20tutorial"",""estHours"":6,""cost"":""free""},{""title"":""[Free Docs] Read official Statistics references and examples"",""resourceUrl"":""https://www.google.com/search?q=Statistics%20official%20documentation"",""estHours"":4,""cost"":""free""},{""title"":""[Paid Coursera] Study Statistics with graded exercises"",""resourceUrl"":""https://www.coursera.org/search?query=Statistics"",""estHours"":8,""cost"":""paid""}]},{""phaseName"":""Phase 3: Policy Applied Project"",""items"":[{""title"":""[Free YouTube] Build a Public Health Analyst project using Policy"",""resourceUrl"":""https://www.youtube.com/results?search_query=Policy%20project%20tutorial"",""estHours"":8,""cost"":""free""},{""title"":""[Free GitHub] Publish notes, screenshots, and source files"",""resourceUrl"":""https://github.com/"",""estHours"":4,""cost"":""free""},{""title"":""[Paid Udemy] Complete a portfolio project for Public Health Analyst"",""resourceUrl"":""https://www.udemy.com/courses/search/?q=Public%20Health%20Analyst%20project"",""estHours"":10,""cost"":""paid""}]},{""phaseName"":""Phase 4: Portfolio and Interview Prep"",""items"":[{""title"":""[Free YouTube] Practice Public Health Analyst interview questions"",""resourceUrl"":""https://www.youtube.com/results?search_query=Public%20Health%20Analyst%20interview%20questions"",""estHours"":5,""cost"":""free""},{""title"":""[Free Docs] Create a case study and resume proof points"",""resourceUrl"":""https://www.freecodecamp.org/news/tag/career/"",""estHours"":4,""cost"":""free""},{""title"":""[Paid Udemy] Prepare for Public Health Analyst interviews"",""resourceUrl"":""https://www.udemy.com/courses/search/?q=Public%20Health%20Analyst%20interview"",""estHours"":6,""cost"":""paid""}]}]",seed-materials,
Education,Teaching,Teacher,"Lesson Planning, Classroom Management, Assessment, Communication, Subject Knowledge, EdTech",Plans instruction and supports student learning outcomes.,"[{""phaseName"":""Phase 1: Lesson Planning Foundations"",""items"":[{""title"":""[Free YouTube] Learn Lesson Planning fundamentals for Teacher"",""resourceUrl"":""https://www.youtube.com/results?search_query=Lesson%20Planning%20tutorial%20for%20beginners"",""estHours"":6,""cost"":""free""},{""title"":""[Free Roadmap] Review the Teacher skill map"",""resourceUrl"":""https://roadmap.sh/"",""estHours"":3,""cost"":""free""},{""title"":""[Paid Udemy] Take a structured Lesson Planning course"",""resourceUrl"":""https://www.udemy.com/courses/search/?q=Lesson%20Planning"",""estHours"":8,""cost"":""paid""}]},{""phaseName"":""Phase 2: Classroom Management Core Tools"",""items"":[{""title"":""[Free YouTube] Practice Classroom Management with guided tutorials"",""resourceUrl"":""https://www.youtube.com/results?search_query=Classroom%20Management%20tutorial"",""estHours"":6,""cost"":""free""},{""title"":""[Free Docs] Read official Classroom Management references and examples"",""resourceUrl"":""https://www.google.com/search?q=Classroom%20Management%20official%20documentation"",""estHours"":4,""cost"":""free""},{""title"":""[Paid Coursera] Study Classroom Management with graded exercises"",""resourceUrl"":""https://www.coursera.org/search?query=Classroom%20Management"",""estHours"":8,""cost"":""paid""}]},{""phaseName"":""Phase 3: Assessment Applied Project"",""items"":[{""title"":""[Free YouTube] Build a Teacher project using Assessment"",""resourceUrl"":""https://www.youtube.com/results?search_query=Assessment%20project%20tutorial"",""estHours"":8,""cost"":""free""},{""title"":""[Free GitHub] Publish notes, screenshots, and source files"",""resourceUrl"":""https://github.com/"",""estHours"":4,""cost"":""free""},{""title"":""[Paid Udemy] Complete a portfolio project for Teacher"",""resourceUrl"":""https://www.udemy.com/courses/search/?q=Teacher%20project"",""estHours"":10,""cost"":""paid""}]},{""phaseName"":""Phase 4: Portfolio and Interview Prep"",""items"":[{""title"":""[Free YouTube] Practice Teacher interview questions"",""resourceUrl"":""https://www.youtube.com/results?search_query=Teacher%20interview%20questions"",""estHours"":5,""cost"":""free""},{""title"":""[Free Docs] Create a case study and resume proof points"",""resourceUrl"":""https://www.freecodecamp.org/news/tag/career/"",""estHours"":4,""cost"":""free""},{""title"":""[Paid Udemy] Prepare for Teacher interviews"",""resourceUrl"":""https://www.udemy.com/courses/search/?q=Teacher%20interview"",""estHours"":6,""cost"":""paid""}]}]",seed-materials,
Design,Instructional Design,Instructional Designer,"Curriculum Design, Learning Science, Storyboarding, LMS, Assessment, Writing",Creates structured learning experiences and training materials.,"[{""phaseName"":""Phase 1: Curriculum Design Foundations"",""items"":[{""title"":""[Free YouTube] Learn Curriculum Design fundamentals for Instructional Designer"",""resourceUrl"":""https://www.youtube.com/results?search_query=Curriculum%20Design%20tutorial%20for%20beginners"",""estHours"":6,""cost"":""free""},{""title"":""[Free Roadmap] Review the Instructional Designer skill map"",""resourceUrl"":""https://roadmap.sh/"",""estHours"":3,""cost"":""free""},{""title"":""[Paid Udemy] Take a structured Curriculum Design course"",""resourceUrl"":""https://www.udemy.com/courses/search/?q=Curriculum%20Design"",""estHours"":8,""cost"":""paid""}]},{""phaseName"":""Phase 2: Learning Science Core Tools"",""items"":[{""title"":""[Free YouTube] Practice Learning Science with guided tutorials"",""resourceUrl"":""https://www.youtube.com/results?search_query=Learning%20Science%20tutorial"",""estHours"":6,""cost"":""free""},{""title"":""[Free Docs] Read official Learning Science references and examples"",""resourceUrl"":""https://www.google.com/search?q=Learning%20Science%20official%20documentation"",""estHours"":4,""cost"":""free""},{""title"":""[Paid Coursera] Study Learning Science with graded exercises"",""resourceUrl"":""https://www.coursera.org/search?query=Learning%20Science"",""estHours"":8,""cost"":""paid""}]},{""phaseName"":""Phase 3: Storyboarding Applied Project"",""items"":[{""title"":""[Free YouTube] Build a Instructional Designer project using Storyboarding"",""resourceUrl"":""https://www.youtube.com/results?search_query=Storyboarding%20project%20tutorial"",""estHours"":8,""cost"":""free""},{""title"":""[Free GitHub] Publish notes, screenshots, and source files"",""resourceUrl"":""https://github.com/"",""estHours"":4,""cost"":""free""},{""title"":""[Paid Udemy] Complete a portfolio project for Instructional Designer"",""resourceUrl"":""https://www.udemy.com/courses/search/?q=Instructional%20Designer%20project"",""estHours"":10,""cost"":""paid""}]},{""phaseName"":""Phase 4: Portfolio and Interview Prep"",""items"":[{""title"":""[Free YouTube] Practice Instructional Designer interview questions"",""resourceUrl"":""https://www.youtube.com/results?search_query=Instructional%20Designer%20interview%20questions"",""estHours"":5,""cost"":""free""},{""title"":""[Free Docs] Create a case study and resume proof points"",""resourceUrl"":""https://www.freecodecamp.org/news/tag/career/"",""estHours"":4,""cost"":""free""},{""title"":""[Paid Udemy] Prepare for Instructional Designer interviews"",""resourceUrl"":""https://www.udemy.com/courses/search/?q=Instructional%20Designer%20interview"",""estHours"":6,""cost"":""paid""}]}]",seed-materials,
Law,Legal Practice,Lawyer,"Legal Research, Writing, Advocacy, Contracts, Compliance, Negotiation",Advises clients and represents legal interests.,"[{""phaseName"":""Phase 1: Legal Research Foundations"",""items"":[{""title"":""[Free YouTube] Learn Legal Research fundamentals for Lawyer"",""resourceUrl"":""https://www.youtube.com/results?search_query=Legal%20Research%20tutorial%20for%20beginners"",""estHours"":6,""cost"":""free""},{""title"":""[Free Roadmap] Review the Lawyer skill map"",""resourceUrl"":""https://roadmap.sh/"",""estHours"":3,""cost"":""free""},{""title"":""[Paid Udemy] Take a structured Legal Research course"",""resourceUrl"":""https://www.udemy.com/courses/search/?q=Legal%20Research"",""estHours"":8,""cost"":""paid""}]},{""phaseName"":""Phase 2: Writing Core Tools"",""items"":[{""title"":""[Free YouTube] Practice Writing with guided tutorials"",""resourceUrl"":""https://www.youtube.com/results?search_query=Writing%20tutorial"",""estHours"":6,""cost"":""free""},{""title"":""[Free Docs] Read official Writing references and examples"",""resourceUrl"":""https://www.google.com/search?q=Writing%20official%20documentation"",""estHours"":4,""cost"":""free""},{""title"":""[Paid Coursera] Study Writing with graded exercises"",""resourceUrl"":""https://www.coursera.org/search?query=Writing"",""estHours"":8,""cost"":""paid""}]},{""phaseName"":""Phase 3: Advocacy Applied Project"",""items"":[{""title"":""[Free YouTube] Build a Lawyer project using Advocacy"",""resourceUrl"":""https://www.youtube.com/results?search_query=Advocacy%20project%20tutorial"",""estHours"":8,""cost"":""free""},{""title"":""[Free GitHub] Publish notes, screenshots, and source files"",""resourceUrl"":""https://github.com/"",""estHours"":4,""cost"":""free""},{""title"":""[Paid Udemy] Complete a portfolio project for Lawyer"",""resourceUrl"":""https://www.udemy.com/courses/search/?q=Lawyer%20project"",""estHours"":10,""cost"":""paid""}]},{""phaseName"":""Phase 4: Portfolio and Interview Prep"",""items"":[{""title"":""[Free YouTube] Practice Lawyer interview questions"",""resourceUrl"":""https://www.youtube.com/results?search_query=Lawyer%20interview%20questions"",""estHours"":5,""cost"":""free""},{""title"":""[Free Docs] Create a case study and resume proof points"",""resourceUrl"":""https://www.freecodecamp.org/news/tag/career/"",""estHours"":4,""cost"":""free""},{""title"":""[Paid Udemy] Prepare for Lawyer interviews"",""resourceUrl"":""https://www.udemy.com/courses/search/?q=Lawyer%20interview"",""estHours"":6,""cost"":""paid""}]}]",seed-materials,
Business,Compliance,Compliance Analyst,"Regulations, Risk, Auditing, Policy Writing, Reporting, Stakeholder Management","Ensures organizations follow laws, standards, and internal policies.","[{""phaseName"":""Phase 1: Regulations Foundations"",""items"":[{""title"":""[Free YouTube] Learn Regulations fundamentals for Compliance Analyst"",""resourceUrl"":""https://www.youtube.com/results?search_query=Regulations%20tutorial%20for%20beginners"",""estHours"":6,""cost"":""free""},{""title"":""[Free Roadmap] Review the Compliance Analyst skill map"",""resourceUrl"":""https://roadmap.sh/"",""estHours"":3,""cost"":""free""},{""title"":""[Paid Udemy] Take a structured Regulations course"",""resourceUrl"":""https://www.udemy.com/courses/search/?q=Regulations"",""estHours"":8,""cost"":""paid""}]},{""phaseName"":""Phase 2: Risk Core Tools"",""items"":[{""title"":""[Free YouTube] Practice Risk with guided tutorials"",""resourceUrl"":""https://www.youtube.com/results?search_query=Risk%20tutorial"",""estHours"":6,""cost"":""free""},{""title"":""[Free Docs] Read official Risk references and examples"",""resourceUrl"":""https://www.google.com/search?q=Risk%20official%20documentation"",""estHours"":4,""cost"":""free""},{""title"":""[Paid Coursera] Study Risk with graded exercises"",""resourceUrl"":""https://www.coursera.org/search?query=Risk"",""estHours"":8,""cost"":""paid""}]},{""phaseName"":""Phase 3: Auditing Applied Project"",""items"":[{""title"":""[Free YouTube] Build a Compliance Analyst project using Auditing"",""resourceUrl"":""https://www.youtube.com/results?search_query=Auditing%20project%20tutorial"",""estHours"":8,""cost"":""free""},{""title"":""[Free GitHub] Publish notes, screenshots, and source files"",""resourceUrl"":""https://github.com/"",""estHours"":4,""cost"":""free""},{""title"":""[Paid Udemy] Complete a portfolio project for Compliance Analyst"",""resourceUrl"":""https://www.udemy.com/courses/search/?q=Compliance%20Analyst%20project"",""estHours"":10,""cost"":""paid""}]},{""phaseName"":""Phase 4: Portfolio and Interview Prep"",""items"":[{""title"":""[Free YouTube] Practice Compliance Analyst interview questions"",""resourceUrl"":""https://www.youtube.com/results?search_query=Compliance%20Analyst%20interview%20questions"",""estHours"":5,""cost"":""free""},{""title"":""[Free Docs] Create a case study and resume proof points"",""resourceUrl"":""https://www.freecodecamp.org/news/tag/career/"",""estHours"":4,""cost"":""free""},{""title"":""[Paid Udemy] Prepare for Compliance Analyst interviews"",""resourceUrl"":""https://www.udemy.com/courses/search/?q=Compliance%20Analyst%20interview"",""estHours"":6,""cost"":""paid""}]}]",seed-materials,
Creative Media,Technical Writing,Technical Writer,"Writing, Documentation, APIs, Editing, Information Architecture, Research",Creates clear technical documentation for products and systems.,"[{""phaseName"":""Phase 1: Writing Foundations"",""items"":[{""title"":""[Free YouTube] Learn Writing fundamentals for Technical Writer"",""resourceUrl"":""https://www.youtube.com/results?search_query=Writing%20tutorial%20for%20beginners"",""estHours"":6,""cost"":""free""},{""title"":""[Free Roadmap] Review the Technical Writer skill map"",""resourceUrl"":""https://roadmap.sh/"",""estHours"":3,""cost"":""free""},{""title"":""[Paid Udemy] Take a structured Writing course"",""resourceUrl"":""https://www.udemy.com/courses/search/?q=Writing"",""estHours"":8,""cost"":""paid""}]},{""phaseName"":""Phase 2: Documentation Core Tools"",""items"":[{""title"":""[Free YouTube] Practice Documentation with guided tutorials"",""resourceUrl"":""https://www.youtube.com/results?search_query=Documentation%20tutorial"",""estHours"":6,""cost"":""free""},{""title"":""[Free Docs] Read official Documentation references and examples"",""resourceUrl"":""https://www.google.com/search?q=Documentation%20official%20documentation"",""estHours"":4,""cost"":""free""},{""title"":""[Paid Coursera] Study Documentation with graded exercises"",""resourceUrl"":""https://www.coursera.org/search?query=Documentation"",""estHours"":8,""cost"":""paid""}]},{""phaseName"":""Phase 3: APIs Applied Project"",""items"":[{""title"":""[Free YouTube] Build a Technical Writer project using APIs"",""resourceUrl"":""https://www.youtube.com/results?search_query=APIs%20project%20tutorial"",""estHours"":8,""cost"":""free""},{""title"":""[Free GitHub] Publish notes, screenshots, and source files"",""resourceUrl"":""https://github.com/"",""estHours"":4,""cost"":""free""},{""title"":""[Paid Udemy] Complete a portfolio project for Technical Writer"",""resourceUrl"":""https://www.udemy.com/courses/search/?q=Technical%20Writer%20project"",""estHours"":10,""cost"":""paid""}]},{""phaseName"":""Phase 4: Portfolio and Interview Prep"",""items"":[{""title"":""[Free YouTube] Practice Technical Writer interview questions"",""resourceUrl"":""https://www.youtube.com/results?search_query=Technical%20Writer%20interview%20questions"",""estHours"":5,""cost"":""free""},{""title"":""[Free Docs] Create a case study and resume proof points"",""resourceUrl"":""https://www.freecodecamp.org/news/tag/career/"",""estHours"":4,""cost"":""free""},{""title"":""[Paid Udemy] Prepare for Technical Writer interviews"",""resourceUrl"":""https://www.udemy.com/courses/search/?q=Technical%20Writer%20interview"",""estHours"":6,""cost"":""paid""}]}]",seed-materials,
Creative Media,Video Production,Video Editor,"Editing, Storytelling, Premiere Pro, After Effects, Audio, Color Correction","Edits video content for marketing, education, entertainment, or social media.","[{""phaseName"":""Phase 1: Editing Foundations"",""items"":[{""title"":""[Free YouTube] Learn Editing fundamentals for Video Editor"",""resourceUrl"":""https://www.youtube.com/results?search_query=Editing%20tutorial%20for%20beginners"",""estHours"":6,""cost"":""free""},{""title"":""[Free Roadmap] Review the Video Editor skill map"",""resourceUrl"":""https://roadmap.sh/"",""estHours"":3,""cost"":""free""},{""title"":""[Paid Udemy] Take a structured Editing course"",""resourceUrl"":""https://www.udemy.com/courses/search/?q=Editing"",""estHours"":8,""cost"":""paid""}]},{""phaseName"":""Phase 2: Storytelling Core Tools"",""items"":[{""title"":""[Free YouTube] Practice Storytelling with guided tutorials"",""resourceUrl"":""https://www.youtube.com/results?search_query=Storytelling%20tutorial"",""estHours"":6,""cost"":""free""},{""title"":""[Free Docs] Read official Storytelling references and examples"",""resourceUrl"":""https://www.google.com/search?q=Storytelling%20official%20documentation"",""estHours"":4,""cost"":""free""},{""title"":""[Paid Coursera] Study Storytelling with graded exercises"",""resourceUrl"":""https://www.coursera.org/search?query=Storytelling"",""estHours"":8,""cost"":""paid""}]},{""phaseName"":""Phase 3: Premiere Pro Applied Project"",""items"":[{""title"":""[Free YouTube] Build a Video Editor project using Premiere Pro"",""resourceUrl"":""https://www.youtube.com/results?search_query=Premiere%20Pro%20project%20tutorial"",""estHours"":8,""cost"":""free""},{""title"":""[Free GitHub] Publish notes, screenshots, and source files"",""resourceUrl"":""https://github.com/"",""estHours"":4,""cost"":""free""},{""title"":""[Paid Udemy] Complete a portfolio project for Video Editor"",""resourceUrl"":""https://www.udemy.com/courses/search/?q=Video%20Editor%20project"",""estHours"":10,""cost"":""paid""}]},{""phaseName"":""Phase 4: Portfolio and Interview Prep"",""items"":[{""title"":""[Free YouTube] Practice Video Editor interview questions"",""resourceUrl"":""https://www.youtube.com/results?search_query=Video%20Editor%20interview%20questions"",""estHours"":5,""cost"":""free""},{""title"":""[Free Docs] Create a case study and resume proof points"",""resourceUrl"":""https://www.freecodecamp.org/news/tag/career/"",""estHours"":4,""cost"":""free""},{""title"":""[Paid Udemy] Prepare for Video Editor interviews"",""resourceUrl"":""https://www.udemy.com/courses/search/?q=Video%20Editor%20interview"",""estHours"":6,""cost"":""paid""}]}]",seed-materials,
Technology,Game Development,Game Developer,"Unity, C#, Game Design, Physics, 3D Assets, Testing",Builds interactive games and gameplay systems.,"[{""phaseName"":""Phase 1: Unity Foundations"",""items"":[{""title"":""[Free YouTube] Learn Unity fundamentals for Game Developer"",""resourceUrl"":""https://www.youtube.com/results?search_query=Unity%20tutorial%20for%20beginners"",""estHours"":6,""cost"":""free""},{""title"":""[Free Roadmap] Review the Game Developer skill map"",""resourceUrl"":""https://roadmap.sh/"",""estHours"":3,""cost"":""free""},{""title"":""[Paid Udemy] Take a structured Unity course"",""resourceUrl"":""https://www.udemy.com/courses/search/?q=Unity"",""estHours"":8,""cost"":""paid""}]},{""phaseName"":""Phase 2: C# Core Tools"",""items"":[{""title"":""[Free YouTube] Practice C# with guided tutorials"",""resourceUrl"":""https://www.youtube.com/results?search_query=C%23%20tutorial"",""estHours"":6,""cost"":""free""},{""title"":""[Free Docs] Read official C# references and examples"",""resourceUrl"":""https://www.google.com/search?q=C%23%20official%20documentation"",""estHours"":4,""cost"":""free""},{""title"":""[Paid Coursera] Study C# with graded exercises"",""resourceUrl"":""https://www.coursera.org/search?query=C%23"",""estHours"":8,""cost"":""paid""}]},{""phaseName"":""Phase 3: Game Design Applied Project"",""items"":[{""title"":""[Free YouTube] Build a Game Developer project using Game Design"",""resourceUrl"":""https://www.youtube.com/results?search_query=Game%20Design%20project%20tutorial"",""estHours"":8,""cost"":""free""},{""title"":""[Free GitHub] Publish notes, screenshots, and source files"",""resourceUrl"":""https://github.com/"",""estHours"":4,""cost"":""free""},{""title"":""[Paid Udemy] Complete a portfolio project for Game Developer"",""resourceUrl"":""https://www.udemy.com/courses/search/?q=Game%20Developer%20project"",""estHours"":10,""cost"":""paid""}]},{""phaseName"":""Phase 4: Portfolio and Interview Prep"",""items"":[{""title"":""[Free YouTube] Practice Game Developer interview questions"",""resourceUrl"":""https://www.youtube.com/results?search_query=Game%20Developer%20interview%20questions"",""estHours"":5,""cost"":""free""},{""title"":""[Free Docs] Create a case study and resume proof points"",""resourceUrl"":""https://www.freecodecamp.org/news/tag/career/"",""estHours"":4,""cost"":""free""},{""title"":""[Paid Udemy] Prepare for Game Developer interviews"",""resourceUrl"":""https://www.udemy.com/courses/search/?q=Game%20Developer%20interview"",""estHours"":6,""cost"":""paid""}]}]",seed-materials,
Technology,Mechanical Engineering,Mechanical Engineer,"CAD, Mechanics, Materials, Manufacturing, Simulation, Problem Solving","Designs and improves mechanical products, machines, and systems.","[{""phaseName"":""Phase 1: CAD Foundations"",""items"":[{""title"":""[Free YouTube] Learn CAD fundamentals for Mechanical Engineer"",""resourceUrl"":""https://www.youtube.com/results?search_query=CAD%20tutorial%20for%20beginners"",""estHours"":6,""cost"":""free""},{""title"":""[Free Roadmap] Review the Mechanical Engineer skill map"",""resourceUrl"":""https://roadmap.sh/"",""estHours"":3,""cost"":""free""},{""title"":""[Paid Udemy] Take a structured CAD course"",""resourceUrl"":""https://www.udemy.com/courses/search/?q=CAD"",""estHours"":8,""cost"":""paid""}]},{""phaseName"":""Phase 2: Mechanics Core Tools"",""items"":[{""title"":""[Free YouTube] Practice Mechanics with guided tutorials"",""resourceUrl"":""https://www.youtube.com/results?search_query=Mechanics%20tutorial"",""estHours"":6,""cost"":""free""},{""title"":""[Free Docs] Read official Mechanics references and examples"",""resourceUrl"":""https://www.google.com/search?q=Mechanics%20official%20documentation"",""estHours"":4,""cost"":""free""},{""title"":""[Paid Coursera] Study Mechanics with graded exercises"",""resourceUrl"":""https://www.coursera.org/search?query=Mechanics"",""estHours"":8,""cost"":""paid""}]},{""phaseName"":""Phase 3: Materials Applied Project"",""items"":[{""title"":""[Free YouTube] Build a Mechanical Engineer project using Materials"",""resourceUrl"":""https://www.youtube.com/results?search_query=Materials%20project%20tutorial"",""estHours"":8,""cost"":""free""},{""title"":""[Free GitHub] Publish notes, screenshots, and source files"",""resourceUrl"":""https://github.com/"",""estHours"":4,""cost"":""free""},{""title"":""[Paid Udemy] Complete a portfolio project for Mechanical Engineer"",""resourceUrl"":""https://www.udemy.com/courses/search/?q=Mechanical%20Engineer%20project"",""estHours"":10,""cost"":""paid""}]},{""phaseName"":""Phase 4: Portfolio and Interview Prep"",""items"":[{""title"":""[Free YouTube] Practice Mechanical Engineer interview questions"",""resourceUrl"":""https://www.youtube.com/results?search_query=Mechanical%20Engineer%20interview%20questions"",""estHours"":5,""cost"":""free""},{""title"":""[Free Docs] Create a case study and resume proof points"",""resourceUrl"":""https://www.freecodecamp.org/news/tag/career/"",""estHours"":4,""cost"":""free""},{""title"":""[Paid Udemy] Prepare for Mechanical Engineer interviews"",""resourceUrl"":""https://www.udemy.com/courses/search/?q=Mechanical%20Engineer%20interview"",""estHours"":6,""cost"":""paid""}]}]",seed-materials,
Technology,Civil Engineering,Civil Engineer,"Structural Design, AutoCAD, Surveying, Project Planning, Materials, Safety",Designs and supervises infrastructure and construction projects.,"[{""phaseName"":""Phase 1: Structural Design Foundations"",""items"":[{""title"":""[Free YouTube] Learn Structural Design fundamentals for Civil Engineer"",""resourceUrl"":""https://www.youtube.com/results?search_query=Structural%20Design%20tutorial%20for%20beginners"",""estHours"":6,""cost"":""free""},{""title"":""[Free Roadmap] Review the Civil Engineer skill map"",""resourceUrl"":""https://roadmap.sh/"",""estHours"":3,""cost"":""free""},{""title"":""[Paid Udemy] Take a structured Structural Design course"",""resourceUrl"":""https://www.udemy.com/courses/search/?q=Structural%20Design"",""estHours"":8,""cost"":""paid""}]},{""phaseName"":""Phase 2: AutoCAD Core Tools"",""items"":[{""title"":""[Free YouTube] Practice AutoCAD with guided tutorials"",""resourceUrl"":""https://www.youtube.com/results?search_query=AutoCAD%20tutorial"",""estHours"":6,""cost"":""free""},{""title"":""[Free Docs] Read official AutoCAD references and examples"",""resourceUrl"":""https://www.google.com/search?q=AutoCAD%20official%20documentation"",""estHours"":4,""cost"":""free""},{""title"":""[Paid Coursera] Study AutoCAD with graded exercises"",""resourceUrl"":""https://www.coursera.org/search?query=AutoCAD"",""estHours"":8,""cost"":""paid""}]},{""phaseName"":""Phase 3: Surveying Applied Project"",""items"":[{""title"":""[Free YouTube] Build a Civil Engineer project using Surveying"",""resourceUrl"":""https://www.youtube.com/results?search_query=Surveying%20project%20tutorial"",""estHours"":8,""cost"":""free""},{""title"":""[Free GitHub] Publish notes, screenshots, and source files"",""resourceUrl"":""https://github.com/"",""estHours"":4,""cost"":""free""},{""title"":""[Paid Udemy] Complete a portfolio project for Civil Engineer"",""resourceUrl"":""https://www.udemy.com/courses/search/?q=Civil%20Engineer%20project"",""estHours"":10,""cost"":""paid""}]},{""phaseName"":""Phase 4: Portfolio and Interview Prep"",""items"":[{""title"":""[Free YouTube] Practice Civil Engineer interview questions"",""resourceUrl"":""https://www.youtube.com/results?search_query=Civil%20Engineer%20interview%20questions"",""estHours"":5,""cost"":""free""},{""title"":""[Free Docs] Create a case study and resume proof points"",""resourceUrl"":""https://www.freecodecamp.org/news/tag/career/"",""estHours"":4,""cost"":""free""},{""title"":""[Paid Udemy] Prepare for Civil Engineer interviews"",""resourceUrl"":""https://www.udemy.com/courses/search/?q=Civil%20Engineer%20interview"",""estHours"":6,""cost"":""paid""}]}]",seed-materials,
Technology,Electrical Engineering,Electrical Engineer,"Circuits, Power Systems, Embedded Systems, MATLAB, Testing, Safety","Designs electrical systems, electronics, and power infrastructure.","[{""phaseName"":""Phase 1: Circuits Foundations"",""items"":[{""title"":""[Free YouTube] Learn Circuits fundamentals for Electrical Engineer"",""resourceUrl"":""https://www.youtube.com/results?search_query=Circuits%20tutorial%20for%20beginners"",""estHours"":6,""cost"":""free""},{""title"":""[Free Roadmap] Review the Electrical Engineer skill map"",""resourceUrl"":""https://roadmap.sh/"",""estHours"":3,""cost"":""free""},{""title"":""[Paid Udemy] Take a structured Circuits course"",""resourceUrl"":""https://www.udemy.com/courses/search/?q=Circuits"",""estHours"":8,""cost"":""paid""}]},{""phaseName"":""Phase 2: Power Systems Core Tools"",""items"":[{""title"":""[Free YouTube] Practice Power Systems with guided tutorials"",""resourceUrl"":""https://www.youtube.com/results?search_query=Power%20Systems%20tutorial"",""estHours"":6,""cost"":""free""},{""title"":""[Free Docs] Read official Power Systems references and examples"",""resourceUrl"":""https://www.google.com/search?q=Power%20Systems%20official%20documentation"",""estHours"":4,""cost"":""free""},{""title"":""[Paid Coursera] Study Power Systems with graded exercises"",""resourceUrl"":""https://www.coursera.org/search?query=Power%20Systems"",""estHours"":8,""cost"":""paid""}]},{""phaseName"":""Phase 3: Embedded Systems Applied Project"",""items"":[{""title"":""[Free YouTube] Build a Electrical Engineer project using Embedded Systems"",""resourceUrl"":""https://www.youtube.com/results?search_query=Embedded%20Systems%20project%20tutorial"",""estHours"":8,""cost"":""free""},{""title"":""[Free GitHub] Publish notes, screenshots, and source files"",""resourceUrl"":""https://github.com/"",""estHours"":4,""cost"":""free""},{""title"":""[Paid Udemy] Complete a portfolio project for Electrical Engineer"",""resourceUrl"":""https://www.udemy.com/courses/search/?q=Electrical%20Engineer%20project"",""estHours"":10,""cost"":""paid""}]},{""phaseName"":""Phase 4: Portfolio and Interview Prep"",""items"":[{""title"":""[Free YouTube] Practice Electrical Engineer interview questions"",""resourceUrl"":""https://www.youtube.com/results?search_query=Electrical%20Engineer%20interview%20questions"",""estHours"":5,""cost"":""free""},{""title"":""[Free Docs] Create a case study and resume proof points"",""resourceUrl"":""https://www.freecodecamp.org/news/tag/career/"",""estHours"":4,""cost"":""free""},{""title"":""[Paid Udemy] Prepare for Electrical Engineer interviews"",""resourceUrl"":""https://www.udemy.com/courses/search/?q=Electrical%20Engineer%20interview"",""estHours"":6,""cost"":""paid""}]}]",seed-materials,
Technology,Robotics,Robotics Engineer,"Python, C++, Control Systems, Sensors, ROS, Mechanical Design","Builds robotic systems that integrate software, electronics, and mechanics.","[{""phaseName"":""Phase 1: Python Foundations"",""items"":[{""title"":""[Free YouTube] Learn Python fundamentals for Robotics Engineer"",""resourceUrl"":""https://www.youtube.com/results?search_query=Python%20tutorial%20for%20beginners"",""estHours"":6,""cost"":""free""},{""title"":""[Free Roadmap] Review the Robotics Engineer skill map"",""resourceUrl"":""https://roadmap.sh/"",""estHours"":3,""cost"":""free""},{""title"":""[Paid Udemy] Take a structured Python course"",""resourceUrl"":""https://www.udemy.com/courses/search/?q=Python"",""estHours"":8,""cost"":""paid""}]},{""phaseName"":""Phase 2: C++ Core Tools"",""items"":[{""title"":""[Free YouTube] Practice C++ with guided tutorials"",""resourceUrl"":""https://www.youtube.com/results?search_query=C%2B%2B%20tutorial"",""estHours"":6,""cost"":""free""},{""title"":""[Free Docs] Read official C++ references and examples"",""resourceUrl"":""https://www.google.com/search?q=C%2B%2B%20official%20documentation"",""estHours"":4,""cost"":""free""},{""title"":""[Paid Coursera] Study C++ with graded exercises"",""resourceUrl"":""https://www.coursera.org/search?query=C%2B%2B"",""estHours"":8,""cost"":""paid""}]},{""phaseName"":""Phase 3: Control Systems Applied Project"",""items"":[{""title"":""[Free YouTube] Build a Robotics Engineer project using Control Systems"",""resourceUrl"":""https://www.youtube.com/results?search_query=Control%20Systems%20project%20tutorial"",""estHours"":8,""cost"":""free""},{""title"":""[Free GitHub] Publish notes, screenshots, and source files"",""resourceUrl"":""https://github.com/"",""estHours"":4,""cost"":""free""},{""title"":""[Paid Udemy] Complete a portfolio project for Robotics Engineer"",""resourceUrl"":""https://www.udemy.com/courses/search/?q=Robotics%20Engineer%20project"",""estHours"":10,""cost"":""paid""}]},{""phaseName"":""Phase 4: Portfolio and Interview Prep"",""items"":[{""title"":""[Free YouTube] Practice Robotics Engineer interview questions"",""resourceUrl"":""https://www.youtube.com/results?search_query=Robotics%20Engineer%20interview%20questions"",""estHours"":5,""cost"":""free""},{""title"":""[Free Docs] Create a case study and resume proof points"",""resourceUrl"":""https://www.freecodecamp.org/news/tag/career/"",""estHours"":4,""cost"":""free""},{""title"":""[Paid Udemy] Prepare for Robotics Engineer interviews"",""resourceUrl"":""https://www.udemy.com/courses/search/?q=Robotics%20Engineer%20interview"",""estHours"":6,""cost"":""paid""}]}]",seed-materials,
Design,Biotechnology,Biotech Research Associate,"Lab Techniques, Biology, Data Recording, PCR, Quality Control, Research",Supports biological research and product development in lab environments.,"[{""phaseName"":""Phase 1: Lab Techniques Foundations"",""items"":[{""title"":""[Free YouTube] Learn Lab Techniques fundamentals for Biotech Research Associate"",""resourceUrl"":""https://www.youtube.com/results?search_query=Lab%20Techniques%20tutorial%20for%20beginners"",""estHours"":6,""cost"":""free""},{""title"":""[Free Roadmap] Review the Biotech Research Associate skill map"",""resourceUrl"":""https://roadmap.sh/"",""estHours"":3,""cost"":""free""},{""title"":""[Paid Udemy] Take a structured Lab Techniques course"",""resourceUrl"":""https://www.udemy.com/courses/search/?q=Lab%20Techniques"",""estHours"":8,""cost"":""paid""}]},{""phaseName"":""Phase 2: Biology Core Tools"",""items"":[{""title"":""[Free YouTube] Practice Biology with guided tutorials"",""resourceUrl"":""https://www.youtube.com/results?search_query=Biology%20tutorial"",""estHours"":6,""cost"":""free""},{""title"":""[Free Docs] Read official Biology references and examples"",""resourceUrl"":""https://www.google.com/search?q=Biology%20official%20documentation"",""estHours"":4,""cost"":""free""},{""title"":""[Paid Coursera] Study Biology with graded exercises"",""resourceUrl"":""https://www.coursera.org/search?query=Biology"",""estHours"":8,""cost"":""paid""}]},{""phaseName"":""Phase 3: Data Recording Applied Project"",""items"":[{""title"":""[Free YouTube] Build a Biotech Research Associate project using Data Recording"",""resourceUrl"":""https://www.youtube.com/results?search_query=Data%20Recording%20project%20tutorial"",""estHours"":8,""cost"":""free""},{""title"":""[Free GitHub] Publish notes, screenshots, and source files"",""resourceUrl"":""https://github.com/"",""estHours"":4,""cost"":""free""},{""title"":""[Paid Udemy] Complete a portfolio project for Biotech Research Associate"",""resourceUrl"":""https://www.udemy.com/courses/search/?q=Biotech%20Research%20Associate%20project"",""estHours"":10,""cost"":""paid""}]},{""phaseName"":""Phase 4: Portfolio and Interview Prep"",""items"":[{""title"":""[Free YouTube] Practice Biotech Research Associate interview questions"",""resourceUrl"":""https://www.youtube.com/results?search_query=Biotech%20Research%20Associate%20interview%20questions"",""estHours"":5,""cost"":""free""},{""title"":""[Free Docs] Create a case study and resume proof points"",""resourceUrl"":""https://www.freecodecamp.org/news/tag/career/"",""estHours"":4,""cost"":""free""},{""title"":""[Paid Udemy] Prepare for Biotech Research Associate interviews"",""resourceUrl"":""https://www.udemy.com/courses/search/?q=Biotech%20Research%20Associate%20interview"",""estHours"":6,""cost"":""paid""}]}]",seed-materials,
General,Environmental Science,Environmental Scientist,"Ecology, GIS, Sampling, Data Analysis, Regulation, Reporting",Studies environmental systems and supports sustainability decisions.,"[{""phaseName"":""Phase 1: Ecology Foundations"",""items"":[{""title"":""[Free YouTube] Learn Ecology fundamentals for Environmental Scientist"",""resourceUrl"":""https://www.youtube.com/results?search_query=Ecology%20tutorial%20for%20beginners"",""estHours"":6,""cost"":""free""},{""title"":""[Free Roadmap] Review the Environmental Scientist skill map"",""resourceUrl"":""https://roadmap.sh/"",""estHours"":3,""cost"":""free""},{""title"":""[Paid Udemy] Take a structured Ecology course"",""resourceUrl"":""https://www.udemy.com/courses/search/?q=Ecology"",""estHours"":8,""cost"":""paid""}]},{""phaseName"":""Phase 2: GIS Core Tools"",""items"":[{""title"":""[Free YouTube] Practice GIS with guided tutorials"",""resourceUrl"":""https://www.youtube.com/results?search_query=GIS%20tutorial"",""estHours"":6,""cost"":""free""},{""title"":""[Free Docs] Read official GIS references and examples"",""resourceUrl"":""https://www.google.com/search?q=GIS%20official%20documentation"",""estHours"":4,""cost"":""free""},{""title"":""[Paid Coursera] Study GIS with graded exercises"",""resourceUrl"":""https://www.coursera.org/search?query=GIS"",""estHours"":8,""cost"":""paid""}]},{""phaseName"":""Phase 3: Sampling Applied Project"",""items"":[{""title"":""[Free YouTube] Build a Environmental Scientist project using Sampling"",""resourceUrl"":""https://www.youtube.com/results?search_query=Sampling%20project%20tutorial"",""estHours"":8,""cost"":""free""},{""title"":""[Free GitHub] Publish notes, screenshots, and source files"",""resourceUrl"":""https://github.com/"",""estHours"":4,""cost"":""free""},{""title"":""[Paid Udemy] Complete a portfolio project for Environmental Scientist"",""resourceUrl"":""https://www.udemy.com/courses/search/?q=Environmental%20Scientist%20project"",""estHours"":10,""cost"":""paid""}]},{""phaseName"":""Phase 4: Portfolio and Interview Prep"",""items"":[{""title"":""[Free YouTube] Practice Environmental Scientist interview questions"",""resourceUrl"":""https://www.youtube.com/results?search_query=Environmental%20Scientist%20interview%20questions"",""estHours"":5,""cost"":""free""},{""title"":""[Free Docs] Create a case study and resume proof points"",""resourceUrl"":""https://www.freecodecamp.org/news/tag/career/"",""estHours"":4,""cost"":""free""},{""title"":""[Paid Udemy] Prepare for Environmental Scientist interviews"",""resourceUrl"":""https://www.udemy.com/courses/search/?q=Environmental%20Scientist%20interview"",""estHours"":6,""cost"":""paid""}]}]",seed-materials,




